"ID_ntb","name","longitude","latitude","issues","prov","key","scientificName","datasetKey","publishingOrgKey","installationKey","publishingCountry","protocol","lastCrawled","lastParsed","crawlId","hostingOrganizationKey","basisOfRecord","occurrenceStatus","lifeStage","taxonKey","kingdomKey","phylumKey","classKey","orderKey","familyKey","genusKey","speciesKey","acceptedTaxonKey","acceptedScientificName","kingdom","phylum","order","family","genus","species","genericName","specificEpithet","taxonRank","taxonomicStatus","iucnRedListCategory","dateIdentified","coordinateUncertaintyInMeters","stateProvince","year","month","day","eventDate","modified","lastInterpreted","references","license","isInCluster","datasetName","recordedBy","identifiedBy","geodeticDatum","class","countryCode","country","rightsHolder","identifier","http...unknown.org.nick","verbatimEventDate","collectionCode","gbifID","verbatimLocality","occurrenceID","taxonID","catalogNumber","institutionCode","eventTime","occurrenceRemarks","http...unknown.org.captive","identificationID","informationWithheld","sex","individualCount","continent","institutionKey","collectionKey","datasetID","higherGeography","nomenclaturalCode","georeferenceProtocol","dynamicProperties","county","locality","taxonRemarks","disposition","vernacularName","previousIdentifications","ownerInstitutionCode","bibliographicCitation","accessRights","higherClassification","georeferenceSources","georeferenceRemarks","organismQuantity","organismQuantityType","preparations","eventRemarks","ntboxID","leaflet_info"
1,"Dendroctonus frontalis Zimmermann, 1868",-70.565941,41.707193,"cdround","gbif","3785106847","Dendroctonus frontalis Zimmermann, 1868","50c9509d-22c7-4a22-a47d-8c48425ef4a7","28eb1a3f-1c15-4a95-931a-4af90ecb574d","997448a8-f762-11e1-a439-00145eb45e9a","US","DWC_ARCHIVE","2022-09-15T02:31:03.882+00:00","2022-09-15T08:18:57.496+00:00",317,"28eb1a3f-1c15-4a95-931a-4af90ecb574d","HUMAN_OBSERVATION","PRESENT","Adult",1228034,1,54,216,1470,4239,1228020,1228034,1228034,"Dendroctonus frontalis Zimmermann, 1868","Animalia","Arthropoda","Coleoptera","Curculionidae","Dendroctonus","Dendroctonus frontalis","Dendroctonus","frontalis","SPECIES","ACCEPTED","NE","2022-05-19T18:42:39",31,"Massachusetts",2022,5,18,2022-05-18,"2022-05-19T20:17:34.000+00:00","2022-09-15T08:18:57.496+00:00","https://www.inaturalist.org/observations/117762536","http://creativecommons.org/licenses/by-nc/4.0/legalcode",FALSE,"iNaturalist research-grade observations","MA Army National Guard, Natural Resources","MA Army National Guard, Natural Resources","WGS84","Insecta","US","United States of America","MA Army National Guard, Natural Resources","117762536","maarng_naturalresources","2022/05/18 8:51 AM","Observations","3785106847","Restricted Access: Camp Edwards, Bourne, MA, USA","https://www.inaturalist.org/observations/117762536","218219","117762536","iNaturalist","12:51:00Z","SPB trapping effort w/MADCR Just over 3mm","wild","261919309",NA,NA,NA,NA,NA,NA,NA,NA,NA,NA,NA,NA,NA,NA,NA,NA,NA,NA,NA,NA,NA,NA,NA,NA,NA,NA,NA,1,"<b>Species: </b> Dendroctonus frontalis </a><br/> <b>rowID:</b> 1 <br/><b>Record key:</b> 3785106847 <br/><b>Identified on: </b> 2022-05-19T18:42:39 <br/><b>Record url: </b><a href=' https://www.inaturalist.org/observations/117762536 ' target='_blank'>click</a>"
2,"Dendroctonus frontalis Zimmermann, 1868",-86.565515,33.924771,"cdround","gbif","3109075460","Dendroctonus frontalis Zimmermann, 1868","50c9509d-22c7-4a22-a47d-8c48425ef4a7","28eb1a3f-1c15-4a95-931a-4af90ecb574d","997448a8-f762-11e1-a439-00145eb45e9a","US","DWC_ARCHIVE","2022-09-15T02:31:03.882+00:00","2022-09-15T08:07:35.122+00:00",317,"28eb1a3f-1c15-4a95-931a-4af90ecb574d","HUMAN_OBSERVATION","PRESENT",NA,1228034,1,54,216,1470,4239,1228020,1228034,1228034,"Dendroctonus frontalis Zimmermann, 1868","Animalia","Arthropoda","Coleoptera","Curculionidae","Dendroctonus","Dendroctonus frontalis","Dendroctonus","frontalis","SPECIES","ACCEPTED","NE","2021-02-14T13:32:11",28902,"Alabama",2021,2,14,2021-02-14,"2021-04-28T20:55:11.000+00:00","2022-09-15T08:07:35.122+00:00","https://www.inaturalist.org/observations/69558151","http://creativecommons.org/licenses/by-nc/4.0/legalcode",FALSE,"iNaturalist research-grade observations","vphollyhill","vphollyhill","WGS84","Insecta","US","United States of America","vphollyhill","69558151","vphollyhill","Sun Feb 14 2021 07:31:51 GMT-0600 (CST)","Observations","3109075460","Alabama, US","https://www.inaturalist.org/observations/69558151","218219","69558151","iNaturalist","07:31:51Z",NA,"wild","154854717","Coordinate uncertainty increased to 28902m at the request of the observer",NA,NA,NA,NA,NA,NA,NA,NA,NA,NA,NA,NA,NA,NA,NA,NA,NA,NA,NA,NA,NA,NA,NA,NA,NA,NA,2,"<b>Species: </b> Dendroctonus frontalis </a><br/> <b>rowID:</b> 2 <br/><b>Record key:</b> 3109075460 <br/><b>Identified on: </b> 2021-02-14T13:32:11 <br/><b>Record url: </b><a href=' https://www.inaturalist.org/observations/69558151 ' target='_blank'>click</a>"
3,"Dendroctonus frontalis Zimmermann, 1868",-76.084274,39.728293,"cdround","gbif","3109295540","Dendroctonus frontalis Zimmermann, 1868","50c9509d-22c7-4a22-a47d-8c48425ef4a7","28eb1a3f-1c15-4a95-931a-4af90ecb574d","997448a8-f762-11e1-a439-00145eb45e9a","US","DWC_ARCHIVE","2022-09-15T02:31:03.882+00:00","2022-09-15T08:07:46.409+00:00",317,"28eb1a3f-1c15-4a95-931a-4af90ecb574d","HUMAN_OBSERVATION","PRESENT",NA,1228034,1,54,216,1470,4239,1228020,1228034,1228034,"Dendroctonus frontalis Zimmermann, 1868","Animalia","Arthropoda","Coleoptera","Curculionidae","Dendroctonus","Dendroctonus frontalis","Dendroctonus","frontalis","SPECIES","ACCEPTED","NE","2021-04-19T01:09:36",9,"Pennsylvania",2021,4,18,2021-04-18,"2021-04-28T20:53:38.000+00:00","2022-09-15T08:07:46.409+00:00","https://www.inaturalist.org/observations/74466716","http://creativecommons.org/licenses/by-nc/4.0/legalcode",FALSE,"iNaturalist research-grade observations","Chris Hoess","Chris Hoess","WGS84","Insecta","US","United States of America","Chris Hoess","74466716","choess","2021-04-18 4:02:10 PM EDT","Observations","3109295540","Chester County, US-PA, US","https://www.inaturalist.org/observations/74466716","218219","74466716","iNaturalist","20:02:10Z","2 P. rigida w ""popcorn""","wild","166498829",NA,NA,NA,NA,NA,NA,NA,NA,NA,NA,NA,NA,NA,NA,NA,NA,NA,NA,NA,NA,NA,NA,NA,NA,NA,NA,NA,3,"<b>Species: </b> Dendroctonus frontalis </a><br/> <b>rowID:</b> 3 <br/><b>Record key:</b> 3109295540 <br/><b>Identified on: </b> 2021-04-19T01:09:36 <br/><b>Record url: </b><a href=' https://www.inaturalist.org/observations/74466716 ' target='_blank'>click</a>"
4,"Dendroctonus frontalis Zimmermann, 1868",-74.925191,39.575033,"cdround","gbif","3455886431","Dendroctonus frontalis Zimmermann, 1868","50c9509d-22c7-4a22-a47d-8c48425ef4a7","28eb1a3f-1c15-4a95-931a-4af90ecb574d","997448a8-f762-11e1-a439-00145eb45e9a","US","DWC_ARCHIVE","2022-09-15T02:31:03.882+00:00","2022-09-15T08:13:37.307+00:00",317,"28eb1a3f-1c15-4a95-931a-4af90ecb574d","HUMAN_OBSERVATION","PRESENT",NA,1228034,1,54,216,1470,4239,1228020,1228034,1228034,"Dendroctonus frontalis Zimmermann, 1868","Animalia","Arthropoda","Coleoptera","Curculionidae","Dendroctonus","Dendroctonus frontalis","Dendroctonus","frontalis","SPECIES","ACCEPTED","NE","2021-11-11T22:36:21",2,"New Jersey",2021,11,11,2021-11-11,"2022-01-14T00:16:31.000+00:00","2022-09-15T08:13:37.307+00:00","https://www.inaturalist.org/observations/100884054","http://creativecommons.org/licenses/by-nc/4.0/legalcode",FALSE,"iNaturalist research-grade observations","njplants","njplants","WGS84","Insecta","US","United States of America","njplants","100884054","njplants","2021/11/11 3:10 AM EST","Observations","3455886431","Franklin, NJ, USA","https://www.inaturalist.org/observations/100884054","218219","100884054","iNaturalist","08:10:00Z","This insect has impacted the pitch and short leaf pines on the Piney Hollow preserve to such an extent that the forest is littered with standing and dead pines.","wild","220163777",NA,NA,NA,NA,NA,NA,NA,NA,NA,NA,NA,NA,NA,NA,NA,NA,NA,NA,NA,NA,NA,NA,NA,NA,NA,NA,NA,4,"<b>Species: </b> Dendroctonus frontalis </a><br/> <b>rowID:</b> 4 <br/><b>Record key:</b> 3455886431 <br/><b>Identified on: </b> 2021-11-11T22:36:21 <br/><b>Record url: </b><a href=' https://www.inaturalist.org/observations/100884054 ' target='_blank'>click</a>"
5,"Dendroctonus frontalis Zimmermann, 1868",-81.848355,30.783754,"cdround","gbif","3109058320","Dendroctonus frontalis Zimmermann, 1868","50c9509d-22c7-4a22-a47d-8c48425ef4a7","28eb1a3f-1c15-4a95-931a-4af90ecb574d","997448a8-f762-11e1-a439-00145eb45e9a","US","DWC_ARCHIVE","2022-09-15T02:31:03.882+00:00","2022-09-15T07:13:57.148+00:00",317,"28eb1a3f-1c15-4a95-931a-4af90ecb574d","HUMAN_OBSERVATION","PRESENT",NA,1228034,1,54,216,1470,4239,1228020,1228034,1228034,"Dendroctonus frontalis Zimmermann, 1868","Animalia","Arthropoda","Coleoptera","Curculionidae","Dendroctonus","Dendroctonus frontalis","Dendroctonus","frontalis","SPECIES","ACCEPTED","NE","2019-04-05T20:03:52",29330,"Florida",2019,3,11,2019-03-11,"2021-04-29T20:08:29.000+00:00","2022-09-15T07:13:57.148+00:00","https://www.inaturalist.org/observations/22042178","http://creativecommons.org/licenses/by-nc/4.0/legalcode",FALSE,"iNaturalist research-grade observations","Jeff Eickwort","Jeff Eickwort","WGS84","Insecta","US","United States of America","Jeff Eickwort","22042178","eickwort","2019/03/11 3:49 PM EDT","Observations","3109058320","Florida, US","https://www.inaturalist.org/observations/22042178","218219","22042178","iNaturalist","19:49:00Z","Collected in SPB survey (Lindgren funnel trap with alpha pinene, frontalin, and endo-brevicomin lures). Lateral picture taken on millimeter grid paper, for scale. Just documenting this species in Nassau County for iNaturalist.","wild","49220507","Coordinate uncertainty increased to 29330m at the request of the observer",NA,NA,NA,NA,NA,NA,NA,NA,NA,NA,NA,NA,NA,NA,NA,NA,NA,NA,NA,NA,NA,NA,NA,NA,NA,NA,5,"<b>Species: </b> Dendroctonus frontalis </a><br/> <b>rowID:</b> 5 <br/><b>Record key:</b> 3109058320 <br/><b>Identified on: </b> 2019-04-05T20:03:52 <br/><b>Record url: </b><a href=' https://www.inaturalist.org/observations/22042178 ' target='_blank'>click</a>"
6,"Dendroctonus frontalis Zimmermann, 1868",-82.32244,29.688118,"","gbif","3109250509","Dendroctonus frontalis Zimmermann, 1868","50c9509d-22c7-4a22-a47d-8c48425ef4a7","28eb1a3f-1c15-4a95-931a-4af90ecb574d","997448a8-f762-11e1-a439-00145eb45e9a","US","DWC_ARCHIVE","2022-09-15T02:31:03.882+00:00","2022-09-15T07:27:57.645+00:00",317,"28eb1a3f-1c15-4a95-931a-4af90ecb574d","HUMAN_OBSERVATION","PRESENT",NA,1228034,1,54,216,1470,4239,1228020,1228034,1228034,"Dendroctonus frontalis Zimmermann, 1868","Animalia","Arthropoda","Coleoptera","Curculionidae","Dendroctonus","Dendroctonus frontalis","Dendroctonus","frontalis","SPECIES","ACCEPTED","NE","2021-04-13T02:18:16",6400,"Florida",2019,3,25,2019-03-25,"2021-04-29T18:27:46.000+00:00","2022-09-15T07:27:57.645+00:00","https://www.inaturalist.org/observations/73807131","http://creativecommons.org/licenses/by-nc/4.0/legalcode",FALSE,"iNaturalist research-grade observations","ogleason99","ogleason99","WGS84","Insecta","US","United States of America","ogleason99","73807131","ogleason99","Mon Mar 25 2019 11:32:49 GMT-0400 (EDT)","Observations","3109250509","NE 39th Ave, Gainesville, FL, US","https://www.inaturalist.org/observations/73807131","218219","73807131","iNaturalist","15:32:49Z",NA,"wild","165163133",NA,NA,NA,NA,NA,NA,NA,NA,NA,NA,NA,NA,NA,NA,NA,NA,NA,NA,NA,NA,NA,NA,NA,NA,NA,NA,NA,6,"<b>Species: </b> Dendroctonus frontalis </a><br/> <b>rowID:</b> 6 <br/><b>Record key:</b> 3109250509 <br/><b>Identified on: </b> 2021-04-13T02:18:16 <br/><b>Record url: </b><a href=' https://www.inaturalist.org/observations/73807131 ' target='_blank'>click</a>"
7,"Dendroctonus frontalis Zimmermann, 1868",-94.647045,31.624128,"cdround","gbif","1831216864","Dendroctonus frontalis Zimmermann, 1868","50c9509d-22c7-4a22-a47d-8c48425ef4a7","28eb1a3f-1c15-4a95-931a-4af90ecb574d","997448a8-f762-11e1-a439-00145eb45e9a","US","DWC_ARCHIVE","2022-09-15T02:31:03.882+00:00","2022-09-15T07:49:18.257+00:00",317,"28eb1a3f-1c15-4a95-931a-4af90ecb574d","HUMAN_OBSERVATION","PRESENT",NA,1228034,1,54,216,1470,4239,1228020,1228034,1228034,"Dendroctonus frontalis Zimmermann, 1868","Animalia","Arthropoda","Coleoptera","Curculionidae","Dendroctonus","Dendroctonus frontalis","Dendroctonus","frontalis","SPECIES","ACCEPTED","NE","2018-02-20T19:54:25",50,"Texas",2018,2,20,2018-02-20,"2018-02-23T20:26:55.000+00:00","2022-09-15T07:49:18.257+00:00","https://www.inaturalist.org/observations/9936323","http://creativecommons.org/licenses/by-nc/4.0/legalcode",FALSE,"iNaturalist research-grade observations","christopher_longman","christopher_longman","WGS84","Insecta","US","United States of America","christopher_longman","9936323","christopher_longman","2018-02-20 1:44:04 PM CST","Observations","1831216864","2111 Raguet St, Nacogdoches, TX 75965, USA","https://www.inaturalist.org/observations/9936323","218219","9936323","iNaturalist","19:44:04Z","Pitch tubes: black turpentine beetle?","wild","21950526",NA,NA,NA,NA,NA,NA,NA,NA,NA,NA,NA,NA,NA,NA,NA,NA,NA,NA,NA,NA,NA,NA,NA,NA,NA,NA,NA,8,"<b>Species: </b> Dendroctonus frontalis </a><br/> <b>rowID:</b> 7 <br/><b>Record key:</b> 1831216864 <br/><b>Identified on: </b> 2018-02-20T19:54:25 <br/><b>Record url: </b><a href=' https://www.inaturalist.org/observations/9936323 ' target='_blank'>click</a>"
8,"Dendroctonus frontalis Zimmermann, 1868",-72.762458,40.864436,"cdround","gbif","1847647763","Dendroctonus frontalis Zimmermann, 1868","50c9509d-22c7-4a22-a47d-8c48425ef4a7","28eb1a3f-1c15-4a95-931a-4af90ecb574d","997448a8-f762-11e1-a439-00145eb45e9a","US","DWC_ARCHIVE","2022-09-15T02:31:03.882+00:00","2022-09-15T07:49:46.869+00:00",317,"28eb1a3f-1c15-4a95-931a-4af90ecb574d","HUMAN_OBSERVATION","PRESENT",NA,1228034,1,54,216,1470,4239,1228020,1228034,1228034,"Dendroctonus frontalis Zimmermann, 1868","Animalia","Arthropoda","Coleoptera","Curculionidae","Dendroctonus","Dendroctonus frontalis","Dendroctonus","frontalis","SPECIES","ACCEPTED","NE","2018-02-04T01:50:37",NA,"New York",2018,2,3,2018-02-03,"2021-07-02T22:49:48.000+00:00","2022-09-15T07:49:46.869+00:00","https://www.inaturalist.org/observations/9723043","http://creativecommons.org/licenses/by-nc/4.0/legalcode",FALSE,"iNaturalist research-grade observations","David Laby","David Laby","WGS84","Insecta","US","United States of America","David Laby","9723043","davel","2018/02/03 3:04 PM EST","Observations","1847647763","Manorville, NY 11949, USA","https://www.inaturalist.org/observations/9723043","218219","9723043","iNaturalist","20:04:00Z","Affecting and killing a minority of the Pitch Pines in the area","wild","21399338",NA,NA,NA,NA,NA,NA,NA,NA,NA,NA,NA,NA,NA,NA,NA,NA,NA,NA,NA,NA,NA,NA,NA,NA,NA,NA,NA,9,"<b>Species: </b> Dendroctonus frontalis </a><br/> <b>rowID:</b> 8 <br/><b>Record key:</b> 1847647763 <br/><b>Identified on: </b> 2018-02-04T01:50:37 <br/><b>Record url: </b><a href=' https://www.inaturalist.org/observations/9723043 ' target='_blank'>click</a>"
9,"Dendroctonus frontalis Zimmermann, 1868",-81.93,29.9966,"","gbif","1838366295","Dendroctonus frontalis Zimmermann, 1868","50c9509d-22c7-4a22-a47d-8c48425ef4a7","28eb1a3f-1c15-4a95-931a-4af90ecb574d","997448a8-f762-11e1-a439-00145eb45e9a","US","DWC_ARCHIVE","2022-09-15T02:31:03.882+00:00","2022-09-15T07:49:17.096+00:00",317,"28eb1a3f-1c15-4a95-931a-4af90ecb574d","HUMAN_OBSERVATION","PRESENT",NA,1228034,1,54,216,1470,4239,1228020,1228034,1228034,"Dendroctonus frontalis Zimmermann, 1868","Animalia","Arthropoda","Coleoptera","Curculionidae","Dendroctonus","Dendroctonus frontalis","Dendroctonus","frontalis","SPECIES","ACCEPTED","NE","2018-04-17T00:52:19",NA,"Florida",2018,3,30,2018-03-30,"2018-04-17T09:03:03.000+00:00","2022-09-15T07:49:17.096+00:00","https://www.inaturalist.org/observations/11034518","http://creativecommons.org/licenses/by-nc/4.0/legalcode",FALSE,"iNaturalist research-grade observations","Jeff Eickwort","Jeff Eickwort","WGS84","Insecta","US","United States of America","Jeff Eickwort","11034518","eickwort","2018/03/30 3:13 PM EDT","Observations","1838366295","Clay County, FL, USA","https://www.inaturalist.org/observations/11034518","218219","11034518","iNaturalist","19:13:00Z","Collected in a SPB survey trap (Lindgren funnel trap, alpha-pinene and frontalin lures, with endo-brevicomin placed nearby). Insects placed on millimeter grid paper for scale. I'm just documenting the counties where this species is found.","wild","24554533",NA,NA,NA,NA,NA,NA,NA,NA,NA,NA,NA,NA,NA,NA,NA,NA,NA,NA,NA,NA,NA,NA,NA,NA,NA,NA,NA,11,"<b>Species: </b> Dendroctonus frontalis </a><br/> <b>rowID:</b> 9 <br/><b>Record key:</b> 1838366295 <br/><b>Identified on: </b> 2018-04-17T00:52:19 <br/><b>Record url: </b><a href=' https://www.inaturalist.org/observations/11034518 ' target='_blank'>click</a>"
10,"Dendroctonus frontalis Zimmermann, 1868",-81.50472,28.76167,"","gbif","1838366321","Dendroctonus frontalis Zimmermann, 1868","50c9509d-22c7-4a22-a47d-8c48425ef4a7","28eb1a3f-1c15-4a95-931a-4af90ecb574d","997448a8-f762-11e1-a439-00145eb45e9a","US","DWC_ARCHIVE","2022-09-15T02:31:03.882+00:00","2022-09-15T07:49:09.703+00:00",317,"28eb1a3f-1c15-4a95-931a-4af90ecb574d","HUMAN_OBSERVATION","PRESENT",NA,1228034,1,54,216,1470,4239,1228020,1228034,1228034,"Dendroctonus frontalis Zimmermann, 1868","Animalia","Arthropoda","Coleoptera","Curculionidae","Dendroctonus","Dendroctonus frontalis","Dendroctonus","frontalis","SPECIES","ACCEPTED","NE","2018-04-17T00:52:18",NA,"Florida",2018,3,15,2018-03-15,"2018-04-17T09:03:01.000+00:00","2022-09-15T07:49:09.703+00:00","https://www.inaturalist.org/observations/11034516","http://creativecommons.org/licenses/by-nc/4.0/legalcode",FALSE,"iNaturalist research-grade observations","Jeff Eickwort","Jeff Eickwort","WGS84","Insecta","US","United States of America","Jeff Eickwort","11034516","eickwort","2018/03/15 3:13 PM EDT","Observations","1838366321","Orange County, FL, USA","https://www.inaturalist.org/observations/11034516","218219","11034516","iNaturalist","19:13:00Z","Collected in a SPB survey trap (Lindgren funnel trap, alpha-pinene and frontalin lures, with endo-brevicomin placed nearby). Insects placed on millimeter grid paper for scale. I'm just documenting the counties where this species is found - this is about the southern edge of its range.","wild","24554530",NA,NA,NA,NA,NA,NA,NA,NA,NA,NA,NA,NA,NA,NA,NA,NA,NA,NA,NA,NA,NA,NA,NA,NA,NA,NA,NA,12,"<b>Species: </b> Dendroctonus frontalis </a><br/> <b>rowID:</b> 10 <br/><b>Record key:</b> 1838366321 <br/><b>Identified on: </b> 2018-04-17T00:52:18 <br/><b>Record url: </b><a href=' https://www.inaturalist.org/observations/11034516 ' target='_blank'>click</a>"
11,"Dendroctonus frontalis Zimmermann, 1868",-81.711139,28.584417,"cdround","gbif","1838366370","Dendroctonus frontalis Zimmermann, 1868","50c9509d-22c7-4a22-a47d-8c48425ef4a7","28eb1a3f-1c15-4a95-931a-4af90ecb574d","997448a8-f762-11e1-a439-00145eb45e9a","US","DWC_ARCHIVE","2022-09-15T02:31:03.882+00:00","2022-09-15T07:49:05.421+00:00",317,"28eb1a3f-1c15-4a95-931a-4af90ecb574d","HUMAN_OBSERVATION","PRESENT",NA,1228034,1,54,216,1470,4239,1228020,1228034,1228034,"Dendroctonus frontalis Zimmermann, 1868","Animalia","Arthropoda","Coleoptera","Curculionidae","Dendroctonus","Dendroctonus frontalis","Dendroctonus","frontalis","SPECIES","ACCEPTED","NE","2018-04-17T00:52:19",NA,"Florida",2018,3,23,2018-03-23,"2018-04-17T09:03:02.000+00:00","2022-09-15T07:49:05.421+00:00","https://www.inaturalist.org/observations/11034517","http://creativecommons.org/licenses/by-nc/4.0/legalcode",FALSE,"iNaturalist research-grade observations","Jeff Eickwort","Jeff Eickwort","WGS84","Insecta","US","United States of America","Jeff Eickwort","11034517","eickwort","2018/03/23 3:13 PM EDT","Observations","1838366370","Lake County, FL, USA","https://www.inaturalist.org/observations/11034517","218219","11034517","iNaturalist","19:13:00Z","Collected in a SPB survey trap (Lindgren funnel trap, alpha-pinene and frontalin lures, with endo-brevicomin placed nearby). Insects placed on millimeter grid paper for scale. I'm just documenting the counties where this species is found - this is about the southern edge of its range.","wild","24554532",NA,NA,NA,NA,NA,NA,NA,NA,NA,NA,NA,NA,NA,NA,NA,NA,NA,NA,NA,NA,NA,NA,NA,NA,NA,NA,NA,13,"<b>Species: </b> Dendroctonus frontalis </a><br/> <b>rowID:</b> 11 <br/><b>Record key:</b> 1838366370 <br/><b>Identified on: </b> 2018-04-17T00:52:19 <br/><b>Record url: </b><a href=' https://www.inaturalist.org/observations/11034517 ' target='_blank'>click</a>"
12,"Dendroctonus frontalis Zimmermann, 1868",-82.123152,28.514558,"cdround","gbif","3097048316","Dendroctonus frontalis Zimmermann, 1868","50c9509d-22c7-4a22-a47d-8c48425ef4a7","28eb1a3f-1c15-4a95-931a-4af90ecb574d","997448a8-f762-11e1-a439-00145eb45e9a","US","DWC_ARCHIVE","2022-09-15T02:31:03.882+00:00","2022-09-15T07:11:25.512+00:00",317,"28eb1a3f-1c15-4a95-931a-4af90ecb574d","HUMAN_OBSERVATION","PRESENT",NA,1228034,1,54,216,1470,4239,1228020,1228034,1228034,"Dendroctonus frontalis Zimmermann, 1868","Animalia","Arthropoda","Coleoptera","Curculionidae","Dendroctonus","Dendroctonus frontalis","Dendroctonus","frontalis","SPECIES","ACCEPTED","NE","2018-04-17T17:56:40",NA,"Florida",2018,3,26,2018-03-26,"2021-04-20T19:42:02.000+00:00","2022-09-15T07:11:25.512+00:00","https://www.inaturalist.org/observations/11074070","http://creativecommons.org/licenses/by-nc/4.0/legalcode",FALSE,"iNaturalist research-grade observations","Jeff Eickwort","Jeff Eickwort","WGS84","Insecta","US","United States of America","Jeff Eickwort","11074070","eickwort","2018/03/26 1:37 PM EDT","Observations","3097048316","Hernando County, FL, USA","https://www.inaturalist.org/observations/11074070","218219","11074070","iNaturalist","17:37:00Z","Collected in a SPB survey trap (Lindgren funnel trap, alpha-pinene and frontalin lures, with endo-brevicomin placed nearby). Insects placed on millimeter grid paper for scale. I'm just documenting the counties where this species is found - this is near the southern edge of its range.","wild","24643694",NA,NA,NA,NA,NA,NA,NA,NA,NA,NA,NA,NA,NA,NA,NA,NA,NA,NA,NA,NA,NA,NA,NA,NA,NA,NA,NA,15,"<b>Species: </b> Dendroctonus frontalis </a><br/> <b>rowID:</b> 12 <br/><b>Record key:</b> 3097048316 <br/><b>Identified on: </b> 2018-04-17T17:56:40 <br/><b>Record url: </b><a href=' https://www.inaturalist.org/observations/11074070 ' target='_blank'>click</a>"
13,"Dendroctonus frontalis Zimmermann, 1868",-82.4655,29.770117,"cdround","gbif","3109076307","Dendroctonus frontalis Zimmermann, 1868","50c9509d-22c7-4a22-a47d-8c48425ef4a7","28eb1a3f-1c15-4a95-931a-4af90ecb574d","997448a8-f762-11e1-a439-00145eb45e9a","US","DWC_ARCHIVE","2022-09-15T02:31:03.882+00:00","2022-09-15T07:11:16.910+00:00",317,"28eb1a3f-1c15-4a95-931a-4af90ecb574d","HUMAN_OBSERVATION","PRESENT","Adult",1228034,1,54,216,1470,4239,1228020,1228034,1228034,"Dendroctonus frontalis Zimmermann, 1868","Animalia","Arthropoda","Coleoptera","Curculionidae","Dendroctonus","Dendroctonus frontalis","Dendroctonus","frontalis","SPECIES","ACCEPTED","NE","2018-03-29T18:39:29",NA,"Florida",2018,3,29,2018-03-29,"2021-04-24T22:53:14.000+00:00","2022-09-15T07:11:16.910+00:00","https://www.inaturalist.org/observations/10493024","http://creativecommons.org/licenses/by-nc/4.0/legalcode",FALSE,"iNaturalist research-grade observations","Jeff Eickwort","Jeff Eickwort","WGS84","Insecta","US","United States of America","Jeff Eickwort","10493024","eickwort","2018/03/29 9:22 AM EDT","Observations","3109076307","Alachua, FL, USA","https://www.inaturalist.org/observations/10493024","218219","10493024","iNaturalist","13:22:00Z","Found infesting a single <i>Pinus palustris</i> in San Felasco Hammock Preserve State Park. Park personnel have been notified. Dorsal close-up picture taken over millimeter grid paper, for scale.","wild","23315981",NA,"MALE",NA,NA,NA,NA,NA,NA,NA,NA,NA,NA,NA,NA,NA,NA,NA,NA,NA,NA,NA,NA,NA,NA,NA,NA,NA,16,"<b>Species: </b> Dendroctonus frontalis </a><br/> <b>rowID:</b> 13 <br/><b>Record key:</b> 3109076307 <br/><b>Identified on: </b> 2018-03-29T18:39:29 <br/><b>Record url: </b><a href=' https://www.inaturalist.org/observations/10493024 ' target='_blank'>click</a>"
14,"Dendroctonus frontalis Zimmermann, 1868",-85.63877,30.66667,"","gbif","3109313306","Dendroctonus frontalis Zimmermann, 1868","50c9509d-22c7-4a22-a47d-8c48425ef4a7","28eb1a3f-1c15-4a95-931a-4af90ecb574d","997448a8-f762-11e1-a439-00145eb45e9a","US","DWC_ARCHIVE","2022-09-15T02:31:03.882+00:00","2022-09-15T07:48:59.650+00:00",317,"28eb1a3f-1c15-4a95-931a-4af90ecb574d","HUMAN_OBSERVATION","PRESENT",NA,1228034,1,54,216,1470,4239,1228020,1228034,1228034,"Dendroctonus frontalis Zimmermann, 1868","Animalia","Arthropoda","Coleoptera","Curculionidae","Dendroctonus","Dendroctonus frontalis","Dendroctonus","frontalis","SPECIES","ACCEPTED","NE","2018-04-11T15:31:58",NA,"Florida",2018,4,6,2018-04-06,"2021-04-27T18:13:52.000+00:00","2022-09-15T07:48:59.650+00:00","https://www.inaturalist.org/observations/10775698","http://creativecommons.org/licenses/by-nc/4.0/legalcode",FALSE,"iNaturalist research-grade observations","Jeff Eickwort","Jeff Eickwort","WGS84","Insecta","US","United States of America","Jeff Eickwort","10775698","eickwort","2018/04/06 11:24 AM EDT","Observations","3109313306","Washington County, FL, USA","https://www.inaturalist.org/observations/10775698","218219","10775698","iNaturalist","15:24:00Z","Collected in southern pine beetle survey trap (Lindgren funnel, alpha-pinene and frontalin, with endo-brevicomin placed nearby). Lateral picture taken over millimeter grid paper, for scale. This was the only SPB collected at this location in the 2018 survey.","wild","23922959",NA,NA,NA,NA,NA,NA,NA,NA,NA,NA,NA,NA,NA,NA,NA,NA,NA,NA,NA,NA,NA,NA,NA,NA,NA,NA,NA,19,"<b>Species: </b> Dendroctonus frontalis </a><br/> <b>rowID:</b> 14 <br/><b>Record key:</b> 3109313306 <br/><b>Identified on: </b> 2018-04-11T15:31:58 <br/><b>Record url: </b><a href=' https://www.inaturalist.org/observations/10775698 ' target='_blank'>click</a>"
15,"Dendroctonus frontalis Zimmermann, 1868",-85.076318,30.535414,"cdround","gbif","3109067308","Dendroctonus frontalis Zimmermann, 1868","50c9509d-22c7-4a22-a47d-8c48425ef4a7","28eb1a3f-1c15-4a95-931a-4af90ecb574d","997448a8-f762-11e1-a439-00145eb45e9a","US","DWC_ARCHIVE","2022-09-15T02:31:03.882+00:00","2022-09-15T07:11:58.034+00:00",317,"28eb1a3f-1c15-4a95-931a-4af90ecb574d","HUMAN_OBSERVATION","PRESENT","Adult",1228034,1,54,216,1470,4239,1228020,1228034,1228034,"Dendroctonus frontalis Zimmermann, 1868","Animalia","Arthropoda","Coleoptera","Curculionidae","Dendroctonus","Dendroctonus frontalis","Dendroctonus","frontalis","SPECIES","ACCEPTED","NE","2018-06-12T12:40:41",29356,"Florida",2018,5,31,2018-05-31,"2021-04-27T15:51:39.000+00:00","2022-09-15T07:11:58.034+00:00","https://www.inaturalist.org/observations/13361991","http://creativecommons.org/licenses/by-nc/4.0/legalcode",FALSE,"iNaturalist research-grade observations","Jeff Eickwort","Jeff Eickwort","WGS84","Insecta","US","United States of America","Jeff Eickwort","13361991","eickwort","2018/05/31 8:33 AM EDT","Observations","3109067308","Florida, US","https://www.inaturalist.org/observations/13361991","218219","13361991","iNaturalist","12:33:00Z","Collected from a small, active SPB infestation in Calhoun County. About 3mm long.","wild","29028979","Coordinate uncertainty increased to 29356m at the request of the observer","FEMALE",NA,NA,NA,NA,NA,NA,NA,NA,NA,NA,NA,NA,NA,NA,NA,NA,NA,NA,NA,NA,NA,NA,NA,NA,NA,20,"<b>Species: </b> Dendroctonus frontalis </a><br/> <b>rowID:</b> 15 <br/><b>Record key:</b> 3109067308 <br/><b>Identified on: </b> 2018-06-12T12:40:41 <br/><b>Record url: </b><a href=' https://www.inaturalist.org/observations/13361991 ' target='_blank'>click</a>"
16,"Dendroctonus frontalis Zimmermann, 1868",-82.59755,30.36238,"","gbif","1880542601","Dendroctonus frontalis Zimmermann, 1868","50c9509d-22c7-4a22-a47d-8c48425ef4a7","28eb1a3f-1c15-4a95-931a-4af90ecb574d","997448a8-f762-11e1-a439-00145eb45e9a","US","DWC_ARCHIVE","2022-09-15T02:31:03.882+00:00","2022-09-15T07:11:59.274+00:00",317,"28eb1a3f-1c15-4a95-931a-4af90ecb574d","HUMAN_OBSERVATION","PRESENT","Adult",1228034,1,54,216,1470,4239,1228020,1228034,1228034,"Dendroctonus frontalis Zimmermann, 1868","Animalia","Arthropoda","Coleoptera","Curculionidae","Dendroctonus","Dendroctonus frontalis","Dendroctonus","frontalis","SPECIES","ACCEPTED","NE","2018-06-22T16:39:25",NA,"Florida",2018,6,15,2018-06-15,"2021-04-24T23:27:00.000+00:00","2022-09-15T07:11:59.274+00:00","https://www.inaturalist.org/observations/13672023","http://creativecommons.org/licenses/by-nc/4.0/legalcode",FALSE,"iNaturalist research-grade observations","Jeff Eickwort","Jeff Eickwort","WGS84","Insecta","US","United States of America","Jeff Eickwort","13672023","eickwort","2018/06/15 12:37 PM EDT","Observations","1880542601","Columbia County, FL, USA","https://www.inaturalist.org/observations/13672023","218219","13672023","iNaturalist","16:37:00Z","From samples collected from a small infestation on the Osceola National Forest.","wild","29711430",NA,NA,NA,NA,NA,NA,NA,NA,NA,NA,NA,NA,NA,NA,NA,NA,NA,NA,NA,NA,NA,NA,NA,NA,NA,NA,NA,21,"<b>Species: </b> Dendroctonus frontalis </a><br/> <b>rowID:</b> 16 <br/><b>Record key:</b> 1880542601 <br/><b>Identified on: </b> 2018-06-22T16:39:25 <br/><b>Record url: </b><a href=' https://www.inaturalist.org/observations/13672023 ' target='_blank'>click</a>"
17,"Dendroctonus frontalis Zimmermann, 1868",-82.8958,33.578173,"osiic,inmafu","gbif","1821690978","Dendroctonus frontalis Zimmermann, 1868","96404cc2-f762-11e1-a439-00145eb45e9a","2e167bb0-4441-11db-9ba2-b8a03c50a862","8a770edf-f5eb-436d-a315-d696d1e33ed7","US","DWC_ARCHIVE","2022-09-16T01:42:18.948+00:00","2022-09-16T01:49:44.997+00:00",1361,"2e167bb0-4441-11db-9ba2-b8a03c50a862","PRESERVED_SPECIMEN","PRESENT",NA,1228034,1,54,216,1470,4239,1228020,1228034,1228034,"Dendroctonus frontalis Zimmermann, 1868","Animalia","Arthropoda","Coleoptera","Curculionidae","Dendroctonus","Dendroctonus frontalis","Dendroctonus","frontalis","SPECIES","ACCEPTED","NE",NA,100,"Georgia",2017,3,23,2017-03-23,"2020-08-11T23:38:35.000+00:00","2022-09-16T01:49:44.997+00:00","http://collections.peabody.yale.edu/search/Record/YPM-ENT-856052","http://creativecommons.org/publicdomain/zero/1.0/legalcode",FALSE,NA,"Chip Bates",NA,"WGS84","Insecta","US","United States of America","Yale Peabody Museum of Natural History","urn:uuid:2679a014-e828-46d3-a9e9-2ec1563dd88e",NA,NA,"ENT","1821690978",NA,"urn:uuid:2679a014-e828-46d3-a9e9-2ec1563dd88e",NA,"YPM ENT 856052","YPM",NA,"ENT number 856052; lot count 1; male",NA,NA,NA,"MALE",1,"NORTH_AMERICA","75f50140-830d-4630-a290-3d6e951a7c29","21d86f42-73e7-4864-838d-a7aaa1cf27d0","0","North America; USA; Georgia; Taliaferro County","ICZN","physical resource","{ ""irn"": ""1942472"", ""solr_long_lat"": ""-82.8958,33.578173"" }","Taliaferro County","AH Stephens State Park","Animals and Plants: Invertebrates - Insects","in collection","snout beetles; beetles; winged insects; insects; hexapods; arthropods; animals","Dendroctonus frontalis","YPM","Dendroctonus frontalis (YPM ENT 856052)","Open Access, http://creativecommons.org/publicdomain/zero/1.0/; see Yale Peabody policies at: http://hdl.handle.net/10079/8931zqj","Animalia; Arthropoda; Hexapoda; Insecta; Pterygota; Endopterygota; Coleoptera; Polyphaga; Curculionoidea; Curculionidae","GPS unit",NA,NA,NA,NA,NA,23,"<b>Species: </b> Dendroctonus frontalis </a><br/> <b>rowID:</b> 17 <br/><b>Record key:</b> 1821690978 <br/><b>Identified on: </b> NA <br/><b>Record url: </b><a href=' http://collections.peabody.yale.edu/search/Record/YPM-ENT-856052 ' target='_blank'>click</a>"
18,"Dendroctonus frontalis Zimmermann, 1868",-83.5756,32.719453,"osiic,inmafu","gbif","1821690980","Dendroctonus frontalis Zimmermann, 1868","96404cc2-f762-11e1-a439-00145eb45e9a","2e167bb0-4441-11db-9ba2-b8a03c50a862","8a770edf-f5eb-436d-a315-d696d1e33ed7","US","DWC_ARCHIVE","2022-09-16T01:42:18.948+00:00","2022-09-16T01:49:45.007+00:00",1361,"2e167bb0-4441-11db-9ba2-b8a03c50a862","PRESERVED_SPECIMEN","PRESENT",NA,1228034,1,54,216,1470,4239,1228020,1228034,1228034,"Dendroctonus frontalis Zimmermann, 1868","Animalia","Arthropoda","Coleoptera","Curculionidae","Dendroctonus","Dendroctonus frontalis","Dendroctonus","frontalis","SPECIES","ACCEPTED","NE",NA,100,"Georgia",2017,3,23,2017-03-23,"2020-08-11T23:38:35.000+00:00","2022-09-16T01:49:45.007+00:00","http://collections.peabody.yale.edu/search/Record/YPM-ENT-905938","http://creativecommons.org/publicdomain/zero/1.0/legalcode",FALSE,NA,"Chip Bates",NA,"WGS84","Insecta","US","United States of America","Yale Peabody Museum of Natural History","urn:uuid:27ccfc85-d32d-411a-9644-a01524f50542",NA,NA,"ENT","1821690980",NA,"urn:uuid:27ccfc85-d32d-411a-9644-a01524f50542",NA,"YPM ENT 905938","YPM",NA,"ENT number 905938; lot count 1; male",NA,NA,NA,"MALE",1,"NORTH_AMERICA","75f50140-830d-4630-a290-3d6e951a7c29","21d86f42-73e7-4864-838d-a7aaa1cf27d0","0","North America; USA; Georgia; Twiggs County","ICZN","physical resource","{ ""irn"": ""1942735"", ""solr_long_lat"": ""-83.5756,32.719453"" }","Twiggs County","Macon","Animals and Plants: Invertebrates - Insects","in collection","snout beetles; beetles; winged insects; insects; hexapods; arthropods; animals","Dendroctonus frontalis","YPM","Dendroctonus frontalis (YPM ENT 905938)","Open Access, http://creativecommons.org/publicdomain/zero/1.0/; see Yale Peabody policies at: http://hdl.handle.net/10079/8931zqj","Animalia; Arthropoda; Hexapoda; Insecta; Pterygota; Endopterygota; Coleoptera; Polyphaga; Curculionoidea; Curculionidae","GPS unit",NA,NA,NA,NA,NA,24,"<b>Species: </b> Dendroctonus frontalis </a><br/> <b>rowID:</b> 18 <br/><b>Record key:</b> 1821690980 <br/><b>Identified on: </b> NA <br/><b>Record url: </b><a href=' http://collections.peabody.yale.edu/search/Record/YPM-ENT-905938 ' target='_blank'>click</a>"
19,"Dendroctonus frontalis Zimmermann, 1868",-85.3819,34.276719,"osiic,inmafu","gbif","1821690931","Dendroctonus frontalis Zimmermann, 1868","96404cc2-f762-11e1-a439-00145eb45e9a","2e167bb0-4441-11db-9ba2-b8a03c50a862","8a770edf-f5eb-436d-a315-d696d1e33ed7","US","DWC_ARCHIVE","2022-09-16T01:42:18.948+00:00","2022-09-16T01:49:44.072+00:00",1361,"2e167bb0-4441-11db-9ba2-b8a03c50a862","PRESERVED_SPECIMEN","PRESENT",NA,1228034,1,54,216,1470,4239,1228020,1228034,1228034,"Dendroctonus frontalis Zimmermann, 1868","Animalia","Arthropoda","Coleoptera","Curculionidae","Dendroctonus","Dendroctonus frontalis","Dendroctonus","frontalis","SPECIES","ACCEPTED","NE",NA,100,"Georgia",2017,4,19,2017-04-19,"2020-08-11T23:38:35.000+00:00","2022-09-16T01:49:44.072+00:00","http://collections.peabody.yale.edu/search/Record/YPM-ENT-856034","http://creativecommons.org/publicdomain/zero/1.0/legalcode",FALSE,NA,"Chip Bates",NA,"WGS84","Insecta","US","United States of America","Yale Peabody Museum of Natural History","urn:uuid:03a225a6-2713-4e47-9b77-6c77e8ba4674",NA,NA,"ENT","1821690931",NA,"urn:uuid:03a225a6-2713-4e47-9b77-6c77e8ba4674",NA,"YPM ENT 856034","YPM",NA,"ENT number 856034; lot count 1; female",NA,NA,NA,"FEMALE",1,"NORTH_AMERICA","75f50140-830d-4630-a290-3d6e951a7c29","21d86f42-73e7-4864-838d-a7aaa1cf27d0","0","North America; USA; Georgia; Floyd County","ICZN","physical resource","{ ""irn"": ""1942454"", ""solr_long_lat"": ""-85.3819,34.276719"" }","Floyd County","Rome","Animals and Plants: Invertebrates - Insects","in collection","snout beetles; beetles; winged insects; insects; hexapods; arthropods; animals","Dendroctonus frontalis","YPM","Dendroctonus frontalis (YPM ENT 856034)","Open Access, http://creativecommons.org/publicdomain/zero/1.0/; see Yale Peabody policies at: http://hdl.handle.net/10079/8931zqj","Animalia; Arthropoda; Hexapoda; Insecta; Pterygota; Endopterygota; Coleoptera; Polyphaga; Curculionoidea; Curculionidae","GPS unit",NA,NA,NA,NA,NA,64,"<b>Species: </b> Dendroctonus frontalis </a><br/> <b>rowID:</b> 19 <br/><b>Record key:</b> 1821690931 <br/><b>Identified on: </b> NA <br/><b>Record url: </b><a href=' http://collections.peabody.yale.edu/search/Record/YPM-ENT-856034 ' target='_blank'>click</a>"
20,"Dendroctonus frontalis Zimmermann, 1868",-83.6214,34.257246,"osiic,inmafu","gbif","1821690941","Dendroctonus frontalis Zimmermann, 1868","96404cc2-f762-11e1-a439-00145eb45e9a","2e167bb0-4441-11db-9ba2-b8a03c50a862","8a770edf-f5eb-436d-a315-d696d1e33ed7","US","DWC_ARCHIVE","2022-09-16T01:42:18.948+00:00","2022-09-16T01:49:38.034+00:00",1361,"2e167bb0-4441-11db-9ba2-b8a03c50a862","PRESERVED_SPECIMEN","PRESENT",NA,1228034,1,54,216,1470,4239,1228020,1228034,1228034,"Dendroctonus frontalis Zimmermann, 1868","Animalia","Arthropoda","Coleoptera","Curculionidae","Dendroctonus","Dendroctonus frontalis","Dendroctonus","frontalis","SPECIES","ACCEPTED","NE",NA,100,"Georgia",2017,4,4,2017-04-04,"2020-08-11T23:38:35.000+00:00","2022-09-16T01:49:38.034+00:00","http://collections.peabody.yale.edu/search/Record/YPM-ENT-905747","http://creativecommons.org/publicdomain/zero/1.0/legalcode",FALSE,NA,"Chip Bates",NA,"WGS84","Insecta","US","United States of America","Yale Peabody Museum of Natural History","urn:uuid:0851cb46-4f63-46d4-993b-abc35cf50fde",NA,NA,"ENT","1821690941",NA,"urn:uuid:0851cb46-4f63-46d4-993b-abc35cf50fde",NA,"YPM ENT 905747","YPM",NA,"ENT number 905747; lot count 1; male",NA,NA,NA,"MALE",1,"NORTH_AMERICA","75f50140-830d-4630-a290-3d6e951a7c29","21d86f42-73e7-4864-838d-a7aaa1cf27d0","0","North America; USA; Georgia; Jackson County","ICZN","physical resource","{ ""irn"": ""1942574"", ""solr_long_lat"": ""-83.6214,34.257246"" }","Jackson County","Maysville","Animals and Plants: Invertebrates - Insects","in collection","snout beetles; beetles; winged insects; insects; hexapods; arthropods; animals","Dendroctonus frontalis","YPM","Dendroctonus frontalis (YPM ENT 905747)","Open Access, http://creativecommons.org/publicdomain/zero/1.0/; see Yale Peabody policies at: http://hdl.handle.net/10079/8931zqj","Animalia; Arthropoda; Hexapoda; Insecta; Pterygota; Endopterygota; Coleoptera; Polyphaga; Curculionoidea; Curculionidae","GPS unit",NA,NA,NA,NA,NA,66,"<b>Species: </b> Dendroctonus frontalis </a><br/> <b>rowID:</b> 20 <br/><b>Record key:</b> 1821690941 <br/><b>Identified on: </b> NA <br/><b>Record url: </b><a href=' http://collections.peabody.yale.edu/search/Record/YPM-ENT-905747 ' target='_blank'>click</a>"
21,"Dendroctonus frontalis Zimmermann, 1868",-84.95508,31.75123,"osiic,inmafu","gbif","1821690968","Dendroctonus frontalis Zimmermann, 1868","96404cc2-f762-11e1-a439-00145eb45e9a","2e167bb0-4441-11db-9ba2-b8a03c50a862","8a770edf-f5eb-436d-a315-d696d1e33ed7","US","DWC_ARCHIVE","2022-09-16T01:42:18.948+00:00","2022-09-16T01:49:44.895+00:00",1361,"2e167bb0-4441-11db-9ba2-b8a03c50a862","PRESERVED_SPECIMEN","PRESENT",NA,1228034,1,54,216,1470,4239,1228020,1228034,1228034,"Dendroctonus frontalis Zimmermann, 1868","Animalia","Arthropoda","Coleoptera","Curculionidae","Dendroctonus","Dendroctonus frontalis","Dendroctonus","frontalis","SPECIES","ACCEPTED","NE",NA,100,"Georgia",2017,4,17,2017-04-17,"2020-08-11T23:38:35.000+00:00","2022-09-16T01:49:44.895+00:00","http://collections.peabody.yale.edu/search/Record/YPM-ENT-905724","http://creativecommons.org/publicdomain/zero/1.0/legalcode",FALSE,NA,"Chip Bates",NA,"WGS84","Insecta","US","United States of America","Yale Peabody Museum of Natural History","urn:uuid:21bb775e-3b9c-43a2-9a10-626a60d5ea45",NA,NA,"ENT","1821690968",NA,"urn:uuid:21bb775e-3b9c-43a2-9a10-626a60d5ea45",NA,"YPM ENT 905724","YPM",NA,"ENT number 905724; lot count 1; female",NA,NA,NA,"FEMALE",1,"NORTH_AMERICA","75f50140-830d-4630-a290-3d6e951a7c29","21d86f42-73e7-4864-838d-a7aaa1cf27d0","0","North America; USA; Georgia; Randolph County","ICZN","physical resource","{ ""irn"": ""1942551"", ""solr_long_lat"": ""-84.95508,31.75123"" }","Randolph County","Morris","Animals and Plants: Invertebrates - Insects","in collection","snout beetles; beetles; winged insects; insects; hexapods; arthropods; animals","Dendroctonus frontalis","YPM","Dendroctonus frontalis (YPM ENT 905724)","Open Access, http://creativecommons.org/publicdomain/zero/1.0/; see Yale Peabody policies at: http://hdl.handle.net/10079/8931zqj","Animalia; Arthropoda; Hexapoda; Insecta; Pterygota; Endopterygota; Coleoptera; Polyphaga; Curculionoidea; Curculionidae","GPS unit",NA,NA,NA,NA,NA,70,"<b>Species: </b> Dendroctonus frontalis </a><br/> <b>rowID:</b> 21 <br/><b>Record key:</b> 1821690968 <br/><b>Identified on: </b> NA <br/><b>Record url: </b><a href=' http://collections.peabody.yale.edu/search/Record/YPM-ENT-905724 ' target='_blank'>click</a>"
22,"Dendroctonus frontalis Zimmermann, 1868",-83.8894,31.7713,"osiic,inmafu","gbif","1821690988","Dendroctonus frontalis Zimmermann, 1868","96404cc2-f762-11e1-a439-00145eb45e9a","2e167bb0-4441-11db-9ba2-b8a03c50a862","8a770edf-f5eb-436d-a315-d696d1e33ed7","US","DWC_ARCHIVE","2022-09-16T01:42:18.948+00:00","2022-09-16T01:49:39.848+00:00",1361,"2e167bb0-4441-11db-9ba2-b8a03c50a862","PRESERVED_SPECIMEN","PRESENT",NA,1228034,1,54,216,1470,4239,1228020,1228034,1228034,"Dendroctonus frontalis Zimmermann, 1868","Animalia","Arthropoda","Coleoptera","Curculionidae","Dendroctonus","Dendroctonus frontalis","Dendroctonus","frontalis","SPECIES","ACCEPTED","NE",NA,NA,"Georgia",2017,4,3,2017-04-03,"2020-08-11T23:38:35.000+00:00","2022-09-16T01:49:39.848+00:00","http://collections.peabody.yale.edu/search/Record/YPM-ENT-905790","http://creativecommons.org/publicdomain/zero/1.0/legalcode",TRUE,NA,"Chip Bates",NA,"WGS84","Insecta","US","United States of America","Yale Peabody Museum of Natural History","urn:uuid:2f5f3e9f-447f-480e-afc6-01f53b5a22a3",NA,NA,"ENT","1821690988",NA,"urn:uuid:2f5f3e9f-447f-480e-afc6-01f53b5a22a3",NA,"YPM ENT 905790","YPM",NA,"ENT number 905790; lot count 1; female",NA,NA,NA,"FEMALE",1,"NORTH_AMERICA","75f50140-830d-4630-a290-3d6e951a7c29","21d86f42-73e7-4864-838d-a7aaa1cf27d0","0","North America; USA; Georgia; Worth County","ICZN","physical resource","{ ""irn"": ""1942617"", ""solr_long_lat"": ""-83.8894,31.7713"" }","Worth County","Warwick","Animals and Plants: Invertebrates - Insects","in collection","snout beetles; beetles; winged insects; insects; hexapods; arthropods; animals","Dendroctonus frontalis","YPM","Dendroctonus frontalis (YPM ENT 905790)","Open Access, http://creativecommons.org/publicdomain/zero/1.0/; see Yale Peabody policies at: http://hdl.handle.net/10079/8931zqj","Animalia; Arthropoda; Hexapoda; Insecta; Pterygota; Endopterygota; Coleoptera; Polyphaga; Curculionoidea; Curculionidae","GPS unit",NA,NA,NA,NA,NA,74,"<b>Species: </b> Dendroctonus frontalis </a><br/> <b>rowID:</b> 22 <br/><b>Record key:</b> 1821690988 <br/><b>Identified on: </b> NA <br/><b>Record url: </b><a href=' http://collections.peabody.yale.edu/search/Record/YPM-ENT-905790 ' target='_blank'>click</a>"
23,"Dendroctonus frontalis Zimmermann, 1868",-91.7398,31.8649,"osiic,inmafu","gbif","1946687352","Dendroctonus frontalis Zimmermann, 1868","96404cc2-f762-11e1-a439-00145eb45e9a","2e167bb0-4441-11db-9ba2-b8a03c50a862","8a770edf-f5eb-436d-a315-d696d1e33ed7","US","DWC_ARCHIVE","2022-09-16T01:42:18.948+00:00","2022-09-16T01:49:37.958+00:00",1361,"2e167bb0-4441-11db-9ba2-b8a03c50a862","PRESERVED_SPECIMEN","PRESENT","Adult",1228034,1,54,216,1470,4239,1228020,1228034,1228034,"Dendroctonus frontalis Zimmermann, 1868","Animalia","Arthropoda","Coleoptera","Curculionidae","Dendroctonus","Dendroctonus frontalis","Dendroctonus","frontalis","SPECIES","ACCEPTED","NE",NA,200,"Louisiana",2017,4,18,2017-04-18,"2022-02-05T21:44:33.000+00:00","2022-09-16T01:49:37.958+00:00","http://collections.peabody.yale.edu/search/Record/YPM-ENT-905415","http://creativecommons.org/publicdomain/zero/1.0/legalcode",TRUE,NA,"James R. Meeker",NA,"WGS84","Insecta","US","United States of America","Yale Peabody Museum of Natural History","urn:uuid:088ec474-67fa-4d85-80f0-7dade9e87e2f",NA,NA,"ENT","1946687352",NA,"urn:uuid:088ec474-67fa-4d85-80f0-7dade9e87e2f",NA,"YPM ENT 905415","YPM",NA,"ENT number 905415; lot count 1; female; adult",NA,NA,NA,"FEMALE",1,"NORTH_AMERICA","75f50140-830d-4630-a290-3d6e951a7c29","21d86f42-73e7-4864-838d-a7aaa1cf27d0","0","North America; USA; Louisiana; Catahoula Parish","ICZN","physical resource","{ ""irn"": ""2070612"", ""solr_long_lat"": ""-91.7398,31.8649"" }","Catahoula Parish","Sicily Island Hills, Wildlife Management Area","Animals and Plants: Invertebrates - Insects","in collection","snout beetles; beetles; winged insects; insects; hexapods; arthropods; animals","Dendroctonus frontalis","YPM","Dendroctonus frontalis (YPM ENT 905415)","Open Access, http://creativecommons.org/publicdomain/zero/1.0/; see Yale Peabody policies at: http://hdl.handle.net/10079/8931zqj","Animalia; Arthropoda; Hexapoda; Insecta; Pterygota; Endopterygota; Coleoptera; Polyphaga; Curculionoidea; Curculionidae","GPS unit","coordinates from Nathan Havill",NA,NA,NA,NA,184,"<b>Species: </b> Dendroctonus frontalis </a><br/> <b>rowID:</b> 23 <br/><b>Record key:</b> 1946687352 <br/><b>Identified on: </b> NA <br/><b>Record url: </b><a href=' http://collections.peabody.yale.edu/search/Record/YPM-ENT-905415 ' target='_blank'>click</a>"
24,"Dendroctonus frontalis Zimmermann, 1868",-88.9318,34.03757,"osiic,inmafu","gbif","1946687353","Dendroctonus frontalis Zimmermann, 1868","96404cc2-f762-11e1-a439-00145eb45e9a","2e167bb0-4441-11db-9ba2-b8a03c50a862","8a770edf-f5eb-436d-a315-d696d1e33ed7","US","DWC_ARCHIVE","2022-09-16T01:42:18.948+00:00","2022-09-16T01:49:38.571+00:00",1361,"2e167bb0-4441-11db-9ba2-b8a03c50a862","PRESERVED_SPECIMEN","PRESENT","Adult",1228034,1,54,216,1470,4239,1228020,1228034,1228034,"Dendroctonus frontalis Zimmermann, 1868","Animalia","Arthropoda","Coleoptera","Curculionidae","Dendroctonus","Dendroctonus frontalis","Dendroctonus","frontalis","SPECIES","ACCEPTED","NE",NA,200,"Mississippi",2017,4,10,2017-04-10,"2020-08-13T23:17:47.000+00:00","2022-09-16T01:49:38.571+00:00","http://collections.peabody.yale.edu/search/Record/YPM-ENT-905355","http://creativecommons.org/publicdomain/zero/1.0/legalcode",TRUE,NA,"James R. Meeker",NA,"WGS84","Insecta","US","United States of America","Yale Peabody Museum of Natural History","urn:uuid:093b1f1d-aa16-4156-9b5e-a68ac8c56115",NA,NA,"ENT","1946687353",NA,"urn:uuid:093b1f1d-aa16-4156-9b5e-a68ac8c56115",NA,"YPM ENT 905355","YPM",NA,"ENT number 905355; lot count 1; male; adult",NA,NA,NA,"MALE",1,"NORTH_AMERICA","75f50140-830d-4630-a290-3d6e951a7c29","21d86f42-73e7-4864-838d-a7aaa1cf27d0","0","North America; USA; Mississippi; Chickasaw County","ICZN","physical resource","{ ""irn"": ""2070568"", ""solr_long_lat"": ""-88.9318,34.03757"" }","Chickasaw County","Tombigbee National Forest","Animals and Plants: Invertebrates - Insects","in collection","snout beetles; beetles; winged insects; insects; hexapods; arthropods; animals","Dendroctonus frontalis","YPM","Dendroctonus frontalis (YPM ENT 905355)","Open Access, http://creativecommons.org/publicdomain/zero/1.0/; see Yale Peabody policies at: http://hdl.handle.net/10079/8931zqj","Animalia; Arthropoda; Hexapoda; Insecta; Pterygota; Endopterygota; Coleoptera; Polyphaga; Curculionoidea; Curculionidae","GPS unit","coordinates from Nathan Havill",NA,NA,NA,NA,185,"<b>Species: </b> Dendroctonus frontalis </a><br/> <b>rowID:</b> 24 <br/><b>Record key:</b> 1946687353 <br/><b>Identified on: </b> NA <br/><b>Record url: </b><a href=' http://collections.peabody.yale.edu/search/Record/YPM-ENT-905355 ' target='_blank'>click</a>"
25,"Dendroctonus frontalis Zimmermann, 1868",-74.0864,40.043838,"osiic,inmafu","gbif","1821690938","Dendroctonus frontalis Zimmermann, 1868","96404cc2-f762-11e1-a439-00145eb45e9a","2e167bb0-4441-11db-9ba2-b8a03c50a862","8a770edf-f5eb-436d-a315-d696d1e33ed7","US","DWC_ARCHIVE","2022-09-16T01:42:18.948+00:00","2022-09-16T01:49:44.625+00:00",1361,"2e167bb0-4441-11db-9ba2-b8a03c50a862","PRESERVED_SPECIMEN","PRESENT",NA,1228034,1,54,216,1470,4239,1228020,1228034,1228034,"Dendroctonus frontalis Zimmermann, 1868","Animalia","Arthropoda","Coleoptera","Curculionidae","Dendroctonus","Dendroctonus frontalis","Dendroctonus","frontalis","SPECIES","ACCEPTED","NE",NA,100,"New Jersey",2017,5,16,2017-05-16,"2020-08-17T23:20:51.000+00:00","2022-09-16T01:49:44.625+00:00","http://collections.peabody.yale.edu/search/Record/YPM-ENT-905878","http://creativecommons.org/publicdomain/zero/1.0/legalcode",FALSE,NA,"Jimmy Dunn",NA,"WGS84","Insecta","US","United States of America","Yale Peabody Museum of Natural History","urn:uuid:07a150e0-30c6-40a4-aac6-fd1c80666f15",NA,NA,"ENT","1821690938",NA,"urn:uuid:07a150e0-30c6-40a4-aac6-fd1c80666f15",NA,"YPM ENT 905878","YPM",NA,"ENT number 905878; lot count 1; female",NA,NA,NA,"FEMALE",1,"NORTH_AMERICA","75f50140-830d-4630-a290-3d6e951a7c29","21d86f42-73e7-4864-838d-a7aaa1cf27d0","0","North America; USA; New Jersey; Ocean County","ICZN","physical resource","{ ""irn"": ""1942675"", ""solr_long_lat"": ""-74.0864,40.043838"" }","Ocean County","Edwin B. Forsythe National Wildlife Refuge","Animals and Plants: Invertebrates - Insects","in collection","snout beetles; beetles; winged insects; insects; hexapods; arthropods; animals","Dendroctonus frontalis","YPM","Dendroctonus frontalis (YPM ENT 905878)","Open Access, http://creativecommons.org/publicdomain/zero/1.0/; see Yale Peabody policies at: http://hdl.handle.net/10079/8931zqj","Animalia; Arthropoda; Hexapoda; Insecta; Pterygota; Endopterygota; Coleoptera; Polyphaga; Curculionoidea; Curculionidae","GPS unit",NA,NA,NA,NA,NA,245,"<b>Species: </b> Dendroctonus frontalis </a><br/> <b>rowID:</b> 25 <br/><b>Record key:</b> 1821690938 <br/><b>Identified on: </b> NA <br/><b>Record url: </b><a href=' http://collections.peabody.yale.edu/search/Record/YPM-ENT-905878 ' target='_blank'>click</a>"
26,"Dendroctonus frontalis Zimmermann, 1868",-72.196,41.33562,"osiic,inmafu","gbif","1946687315","Dendroctonus frontalis Zimmermann, 1868","96404cc2-f762-11e1-a439-00145eb45e9a","2e167bb0-4441-11db-9ba2-b8a03c50a862","8a770edf-f5eb-436d-a315-d696d1e33ed7","US","DWC_ARCHIVE","2022-09-16T01:42:18.948+00:00","2022-09-16T01:49:43.933+00:00",1361,"2e167bb0-4441-11db-9ba2-b8a03c50a862","PRESERVED_SPECIMEN","PRESENT","Adult",1228034,1,54,216,1470,4239,1228020,1228034,1228034,"Dendroctonus frontalis Zimmermann, 1868","Animalia","Arthropoda","Coleoptera","Curculionidae","Dendroctonus","Dendroctonus frontalis","Dendroctonus","frontalis","SPECIES","ACCEPTED","NE",NA,200,"Connecticut",2017,5,24,2017-05-24,"2020-02-11T23:17:27.000+00:00","2022-09-16T01:49:43.933+00:00","http://collections.peabody.yale.edu/search/Record/YPM-ENT-905949","http://creativecommons.org/publicdomain/zero/1.0/legalcode",FALSE,NA,"Claire Rutledge",NA,"WGS84","Insecta","US","United States of America","Yale Peabody Museum of Natural History","urn:uuid:000bcb4e-f904-4d91-badf-96022e5a6461",NA,NA,"ENT","1946687315",NA,"urn:uuid:000bcb4e-f904-4d91-badf-96022e5a6461",NA,"YPM ENT 905949","YPM",NA,"ENT number 905949; lot count 1; male; adult",NA,NA,NA,"MALE",1,"NORTH_AMERICA","75f50140-830d-4630-a290-3d6e951a7c29","21d86f42-73e7-4864-838d-a7aaa1cf27d0","0","North America; USA; Connecticut; New London County","ICZN","physical resource","{ ""irn"": ""2070708"", ""solr_long_lat"": ""-72.196,41.33562"" }","New London County","East Lyme, Oswegatchie Hills Nature Preserve","Animals and Plants: Invertebrates - Insects","in collection","snout beetles; beetles; winged insects; insects; hexapods; arthropods; animals","Dendroctonus frontalis","YPM","Dendroctonus frontalis (YPM ENT 905949)","Open Access, http://creativecommons.org/publicdomain/zero/1.0/; see Yale Peabody policies at: http://hdl.handle.net/10079/8931zqj","Animalia; Arthropoda; Hexapoda; Insecta; Pterygota; Endopterygota; Coleoptera; Polyphaga; Curculionoidea; Curculionidae","GPS unit","coordinates from Nathan Havill",NA,NA,NA,NA,275,"<b>Species: </b> Dendroctonus frontalis </a><br/> <b>rowID:</b> 26 <br/><b>Record key:</b> 1946687315 <br/><b>Identified on: </b> NA <br/><b>Record url: </b><a href=' http://collections.peabody.yale.edu/search/Record/YPM-ENT-905949 ' target='_blank'>click</a>"
27,"Dendroctonus frontalis Zimmermann, 1868",-74.232,39.694,"osiic,inmafu","gbif","1946687358","Dendroctonus frontalis Zimmermann, 1868","96404cc2-f762-11e1-a439-00145eb45e9a","2e167bb0-4441-11db-9ba2-b8a03c50a862","8a770edf-f5eb-436d-a315-d696d1e33ed7","US","DWC_ARCHIVE","2022-09-16T01:42:18.948+00:00","2022-09-16T01:49:38.122+00:00",1361,"2e167bb0-4441-11db-9ba2-b8a03c50a862","PRESERVED_SPECIMEN","PRESENT",NA,1228034,1,54,216,1470,4239,1228020,1228034,1228034,"Dendroctonus frontalis Zimmermann, 1868","Animalia","Arthropoda","Coleoptera","Curculionidae","Dendroctonus","Dendroctonus frontalis","Dendroctonus","frontalis","SPECIES","ACCEPTED","NE",NA,200,"New Jersey",2017,5,17,2017-05-17,"2020-08-17T23:20:51.000+00:00","2022-09-16T01:49:38.122+00:00","http://collections.peabody.yale.edu/search/Record/YPM-ENT-906056","http://creativecommons.org/publicdomain/zero/1.0/legalcode",FALSE,NA,"Rosa Yoo",NA,"WGS84","Insecta","US","United States of America","Yale Peabody Museum of Natural History","urn:uuid:09ed2894-dab1-4122-b16b-d6acbe68c995",NA,NA,"ENT","1946687358",NA,"urn:uuid:09ed2894-dab1-4122-b16b-d6acbe68c995",NA,"YPM ENT 906056","YPM",NA,"ENT number 906056; lot count 1; female",NA,NA,NA,"FEMALE",1,"NORTH_AMERICA","75f50140-830d-4630-a290-3d6e951a7c29","21d86f42-73e7-4864-838d-a7aaa1cf27d0","0","North America; USA; New Jersey; Ocean County","ICZN","physical resource","{ ""irn"": ""2070816"", ""solr_long_lat"": ""-74.232,39.694"" }","Ocean County","Stafford Township, Manahawkin Wildlife Management Area","Animals and Plants: Invertebrates - Insects","in collection","snout beetles; beetles; winged insects; insects; hexapods; arthropods; animals","Dendroctonus frontalis","YPM","Dendroctonus frontalis (YPM ENT 906056)","Open Access, http://creativecommons.org/publicdomain/zero/1.0/; see Yale Peabody policies at: http://hdl.handle.net/10079/8931zqj","Animalia; Arthropoda; Hexapoda; Insecta; Pterygota; Endopterygota; Coleoptera; Polyphaga; Curculionoidea; Curculionidae","GPS unit","coordinates from Nathan Havill",NA,NA,NA,NA,276,"<b>Species: </b> Dendroctonus frontalis </a><br/> <b>rowID:</b> 27 <br/><b>Record key:</b> 1946687358 <br/><b>Identified on: </b> NA <br/><b>Record url: </b><a href=' http://collections.peabody.yale.edu/search/Record/YPM-ENT-906056 ' target='_blank'>click</a>"
28,"Dendroctonus frontalis Zimmermann, 1868",-72.017,41.37775,"osiic,inmafu","gbif","1946688594","Dendroctonus frontalis Zimmermann, 1868","96404cc2-f762-11e1-a439-00145eb45e9a","2e167bb0-4441-11db-9ba2-b8a03c50a862","8a770edf-f5eb-436d-a315-d696d1e33ed7","US","DWC_ARCHIVE","2022-09-16T01:42:18.948+00:00","2022-09-16T01:49:42.090+00:00",1361,"2e167bb0-4441-11db-9ba2-b8a03c50a862","PRESERVED_SPECIMEN","PRESENT","Adult",1228034,1,54,216,1470,4239,1228020,1228034,1228034,"Dendroctonus frontalis Zimmermann, 1868","Animalia","Arthropoda","Coleoptera","Curculionidae","Dendroctonus","Dendroctonus frontalis","Dendroctonus","frontalis","SPECIES","ACCEPTED","NE",NA,200,"Connecticut",2017,5,18,2017-05-18,"2022-01-29T21:44:46.000+00:00","2022-09-16T01:49:42.090+00:00","http://collections.peabody.yale.edu/search/Record/YPM-ENT-905943","http://creativecommons.org/publicdomain/zero/1.0/legalcode",FALSE,NA,"Anne Roberts-Pierson",NA,"WGS84","Insecta","US","United States of America","Yale Peabody Museum of Natural History","urn:uuid:95d9a153-74c2-4b94-aff5-386ae1975bd3",NA,NA,"ENT","1946688594",NA,"urn:uuid:95d9a153-74c2-4b94-aff5-386ae1975bd3",NA,"YPM ENT 905943","YPM",NA,"ENT number 905943; lot count 1; male; adult",NA,NA,NA,"MALE",1,"NORTH_AMERICA","75f50140-830d-4630-a290-3d6e951a7c29","21d86f42-73e7-4864-838d-a7aaa1cf27d0","0","North America; USA; Connecticut; New London County","ICZN","physical resource","{ ""irn"": ""2070702"", ""solr_long_lat"": ""-72.017,41.37775"" }","New London County","Groton, Tilcon, State of CT DEEP property","Animals and Plants: Invertebrates - Insects","in collection","snout beetles; beetles; winged insects; insects; hexapods; arthropods; animals","Dendroctonus frontalis","YPM","Dendroctonus frontalis (YPM ENT 905943)","Open Access, http://creativecommons.org/publicdomain/zero/1.0/; see Yale Peabody policies at: http://hdl.handle.net/10079/8931zqj","Animalia; Arthropoda; Hexapoda; Insecta; Pterygota; Endopterygota; Coleoptera; Polyphaga; Curculionoidea; Curculionidae","GPS unit","coordinates from Nathan Havill",NA,NA,NA,NA,294,"<b>Species: </b> Dendroctonus frontalis </a><br/> <b>rowID:</b> 28 <br/><b>Record key:</b> 1946688594 <br/><b>Identified on: </b> NA <br/><b>Record url: </b><a href=' http://collections.peabody.yale.edu/search/Record/YPM-ENT-905943 ' target='_blank'>click</a>"
29,"Dendroctonus frontalis Zimmermann, 1868",-71.9218,41.60555,"osiic,inmafu","gbif","1946689149","Dendroctonus frontalis Zimmermann, 1868","96404cc2-f762-11e1-a439-00145eb45e9a","2e167bb0-4441-11db-9ba2-b8a03c50a862","8a770edf-f5eb-436d-a315-d696d1e33ed7","US","DWC_ARCHIVE","2022-09-16T01:42:18.948+00:00","2022-09-16T01:49:48.225+00:00",1361,"2e167bb0-4441-11db-9ba2-b8a03c50a862","PRESERVED_SPECIMEN","PRESENT",NA,1228034,1,54,216,1470,4239,1228020,1228034,1228034,"Dendroctonus frontalis Zimmermann, 1868","Animalia","Arthropoda","Coleoptera","Curculionidae","Dendroctonus","Dendroctonus frontalis","Dendroctonus","frontalis","SPECIES","ACCEPTED","NE",NA,200,"Connecticut",2017,5,24,2017-05-24,"2018-12-16T13:32:40.000+00:00","2022-09-16T01:49:48.225+00:00","http://collections.peabody.yale.edu/search/Record/YPM-ENT-906004","http://creativecommons.org/publicdomain/zero/1.0/legalcode",FALSE,NA,"Claire Rutledge",NA,"WGS84","Insecta","US","United States of America","Yale Peabody Museum of Natural History","urn:uuid:c791c9dd-d978-4710-98d0-0b6bb0e16ee7",NA,NA,"ENT","1946689149",NA,"urn:uuid:c791c9dd-d978-4710-98d0-0b6bb0e16ee7",NA,"YPM ENT 906004","YPM",NA,"ENT number 906004; lot count 1; male",NA,NA,NA,"MALE",1,"NORTH_AMERICA","75f50140-830d-4630-a290-3d6e951a7c29","21d86f42-73e7-4864-838d-a7aaa1cf27d0","0","North America; USA; Connecticut; New London County","ICZN","physical resource","{ ""irn"": ""2070764"", ""solr_long_lat"": ""-71.9218,41.60555"" }","New London County","Griswold, Hopeville Pond State Park","Animals and Plants: Invertebrates - Insects","in collection","snout beetles; beetles; winged insects; insects; hexapods; arthropods; animals","Dendroctonus frontalis","YPM","Dendroctonus frontalis (YPM ENT 906004)","Open Access, http://creativecommons.org/publicdomain/zero/1.0/; see Yale Peabody policies at: http://hdl.handle.net/10079/8931zqj","Animalia; Arthropoda; Hexapoda; Insecta; Pterygota; Endopterygota; Coleoptera; Polyphaga; Curculionoidea; Curculionidae","GPS unit","coordinates from Nathan Havill",NA,NA,NA,NA,299,"<b>Species: </b> Dendroctonus frontalis </a><br/> <b>rowID:</b> 29 <br/><b>Record key:</b> 1946689149 <br/><b>Identified on: </b> NA <br/><b>Record url: </b><a href=' http://collections.peabody.yale.edu/search/Record/YPM-ENT-906004 ' target='_blank'>click</a>"
30,"Dendroctonus frontalis Zimmermann, 1868",-71.7272,41.59699,"osiic,inmafu","gbif","1821690940","Dendroctonus frontalis Zimmermann, 1868","96404cc2-f762-11e1-a439-00145eb45e9a","2e167bb0-4441-11db-9ba2-b8a03c50a862","8a770edf-f5eb-436d-a315-d696d1e33ed7","US","DWC_ARCHIVE","2022-09-16T01:42:18.948+00:00","2022-09-16T01:49:37.887+00:00",1361,"2e167bb0-4441-11db-9ba2-b8a03c50a862","PRESERVED_SPECIMEN","PRESENT",NA,1228034,1,54,216,1470,4239,1228020,1228034,1228034,"Dendroctonus frontalis Zimmermann, 1868","Animalia","Arthropoda","Coleoptera","Curculionidae","Dendroctonus","Dendroctonus frontalis","Dendroctonus","frontalis","SPECIES","ACCEPTED","NE",NA,100,"Rhode Island",2017,6,15,2017-06-15,"2018-02-21T19:03:02.000+00:00","2022-09-16T01:49:37.887+00:00","http://collections.peabody.yale.edu/search/Record/YPM-ENT-855981","http://creativecommons.org/publicdomain/zero/1.0/legalcode",FALSE,NA,"Fern Graves",NA,"WGS84","Insecta","US","United States of America","Yale Peabody Museum of Natural History","urn:uuid:07481313-daba-4876-8e0e-369c2add2d70",NA,NA,"ENT","1821690940",NA,"urn:uuid:07481313-daba-4876-8e0e-369c2add2d70",NA,"YPM ENT 855981","YPM",NA,"ENT number 855981; lot count 1; male",NA,NA,NA,"MALE",1,"NORTH_AMERICA","75f50140-830d-4630-a290-3d6e951a7c29","21d86f42-73e7-4864-838d-a7aaa1cf27d0","0","North America; USA; Rhode Island; Washington County","ICZN","physical resource","{ ""irn"": ""1942405"", ""solr_long_lat"": ""-71.7272,41.59699"" }","Washington County","Arcadia Management Area","Animals and Plants: Invertebrates - Insects","in collection","snout beetles; beetles; winged insects; insects; hexapods; arthropods; animals","Dendroctonus frontalis","YPM","Dendroctonus frontalis (YPM ENT 855981)","Open Access, http://creativecommons.org/publicdomain/zero/1.0/; see Yale Peabody policies at: http://hdl.handle.net/10079/8931zqj","Animalia; Arthropoda; Hexapoda; Insecta; Pterygota; Endopterygota; Coleoptera; Polyphaga; Curculionoidea; Curculionidae","GPS unit","Nathan Havill sampling site",NA,NA,NA,NA,310,"<b>Species: </b> Dendroctonus frontalis </a><br/> <b>rowID:</b> 30 <br/><b>Record key:</b> 1821690940 <br/><b>Identified on: </b> NA <br/><b>Record url: </b><a href=' http://collections.peabody.yale.edu/search/Record/YPM-ENT-855981 ' target='_blank'>click</a>"
31,"Dendroctonus frontalis Zimmermann, 1868",-74.0075,41.311533,"osiic,inmafu","gbif","1821691061","Dendroctonus frontalis Zimmermann, 1868","96404cc2-f762-11e1-a439-00145eb45e9a","2e167bb0-4441-11db-9ba2-b8a03c50a862","8a770edf-f5eb-436d-a315-d696d1e33ed7","US","DWC_ARCHIVE","2022-09-16T01:42:18.948+00:00","2022-09-16T01:49:44.950+00:00",1361,"2e167bb0-4441-11db-9ba2-b8a03c50a862","PRESERVED_SPECIMEN","PRESENT",NA,1228034,1,54,216,1470,4239,1228020,1228034,1228034,"Dendroctonus frontalis Zimmermann, 1868","Animalia","Arthropoda","Coleoptera","Curculionidae","Dendroctonus","Dendroctonus frontalis","Dendroctonus","frontalis","SPECIES","ACCEPTED","NE",NA,100,"New York",2017,6,NA,2017-06-01,"2018-02-21T19:02:59.000+00:00","2022-09-16T01:49:44.950+00:00","http://collections.peabody.yale.edu/search/Record/YPM-ENT-855961","http://creativecommons.org/publicdomain/zero/1.0/legalcode",FALSE,NA,"K. Fanning",NA,"WGS84","Insecta","US","United States of America","Yale Peabody Museum of Natural History","urn:uuid:25f9f781-771c-4766-b058-aaabd4b65993",NA,NA,"ENT","1821691061",NA,"urn:uuid:25f9f781-771c-4766-b058-aaabd4b65993",NA,"YPM ENT 855961","YPM",NA,"ENT number 855961; lot count 1; male",NA,NA,NA,"MALE",1,"NORTH_AMERICA","75f50140-830d-4630-a290-3d6e951a7c29","21d86f42-73e7-4864-838d-a7aaa1cf27d0","0","North America; USA; New York; Rockland County","ICZN","physical resource","{ ""irn"": ""1942385"", ""solr_long_lat"": ""-74.0075,41.311533"" }","Rockland County","Bear Mountain State Park","Animals and Plants: Invertebrates - Insects","in collection","snout beetles; beetles; winged insects; insects; hexapods; arthropods; animals","Dendroctonus frontalis","YPM","Dendroctonus frontalis (YPM ENT 855961)","Open Access, http://creativecommons.org/publicdomain/zero/1.0/; see Yale Peabody policies at: http://hdl.handle.net/10079/8931zqj","Animalia; Arthropoda; Hexapoda; Insecta; Pterygota; Endopterygota; Coleoptera; Polyphaga; Curculionoidea; Curculionidae","GPS unit",NA,NA,NA,NA,NA,313,"<b>Species: </b> Dendroctonus frontalis </a><br/> <b>rowID:</b> 31 <br/><b>Record key:</b> 1821691061 <br/><b>Identified on: </b> NA <br/><b>Record url: </b><a href=' http://collections.peabody.yale.edu/search/Record/YPM-ENT-855961 ' target='_blank'>click</a>"
32,"Dendroctonus frontalis Zimmermann, 1868",-74.2197,41.738542,"osiic,inmafu","gbif","1821691249","Dendroctonus frontalis Zimmermann, 1868","96404cc2-f762-11e1-a439-00145eb45e9a","2e167bb0-4441-11db-9ba2-b8a03c50a862","8a770edf-f5eb-436d-a315-d696d1e33ed7","US","DWC_ARCHIVE","2022-09-16T01:42:18.948+00:00","2022-09-16T01:49:46.584+00:00",1361,"2e167bb0-4441-11db-9ba2-b8a03c50a862","PRESERVED_SPECIMEN","PRESENT",NA,1228034,1,54,216,1470,4239,1228020,1228034,1228034,"Dendroctonus frontalis Zimmermann, 1868","Animalia","Arthropoda","Coleoptera","Curculionidae","Dendroctonus","Dendroctonus frontalis","Dendroctonus","frontalis","SPECIES","ACCEPTED","NE",NA,100,"New York",2017,6,1,2017-06-01,"2020-12-02T19:56:01.000+00:00","2022-09-16T01:49:46.584+00:00","http://collections.peabody.yale.edu/search/Record/YPM-ENT-855947","http://creativecommons.org/publicdomain/zero/1.0/legalcode",FALSE,NA,"Charles Angst",NA,"WGS84","Insecta","US","United States of America","Yale Peabody Museum of Natural History","urn:uuid:684768f2-e8a2-4e6e-a66b-4568a4fde400",NA,NA,"ENT","1821691249",NA,"urn:uuid:684768f2-e8a2-4e6e-a66b-4568a4fde400",NA,"YPM ENT 855947","YPM",NA,"ENT number 855947; lot count 1; male",NA,NA,NA,"MALE",1,"NORTH_AMERICA","75f50140-830d-4630-a290-3d6e951a7c29","21d86f42-73e7-4864-838d-a7aaa1cf27d0","0","North America; USA; New York; Ulster County","ICZN","physical resource","{ ""irn"": ""1942371"", ""solr_long_lat"": ""-74.2197,41.738542"" }","Ulster County","Peterskill, Minnewaska State Park","Animals and Plants: Invertebrates - Insects","in collection","snout beetles; beetles; winged insects; insects; hexapods; arthropods; animals","Dendroctonus frontalis","YPM","Dendroctonus frontalis (YPM ENT 855947)","Open Access, http://creativecommons.org/publicdomain/zero/1.0/; see Yale Peabody policies at: http://hdl.handle.net/10079/8931zqj","Animalia; Arthropoda; Hexapoda; Insecta; Pterygota; Endopterygota; Coleoptera; Polyphaga; Curculionoidea; Curculionidae","GPS unit",NA,NA,NA,NA,NA,323,"<b>Species: </b> Dendroctonus frontalis </a><br/> <b>rowID:</b> 32 <br/><b>Record key:</b> 1821691249 <br/><b>Identified on: </b> NA <br/><b>Record url: </b><a href=' http://collections.peabody.yale.edu/search/Record/YPM-ENT-855947 ' target='_blank'>click</a>"
33,"Dendroctonus frontalis Zimmermann, 1868",-76.884,39.79859,"osiic,inmafu","gbif","1946687296","Dendroctonus frontalis Zimmermann, 1868","96404cc2-f762-11e1-a439-00145eb45e9a","2e167bb0-4441-11db-9ba2-b8a03c50a862","8a770edf-f5eb-436d-a315-d696d1e33ed7","US","DWC_ARCHIVE","2022-09-16T01:42:18.948+00:00","2022-09-16T01:49:44.711+00:00",1361,"2e167bb0-4441-11db-9ba2-b8a03c50a862","PRESERVED_SPECIMEN","PRESENT",NA,1228034,1,54,216,1470,4239,1228020,1228034,1228034,"Dendroctonus frontalis Zimmermann, 1868","Animalia","Arthropoda","Coleoptera","Curculionidae","Dendroctonus","Dendroctonus frontalis","Dendroctonus","frontalis","SPECIES","ACCEPTED","NE",NA,200,"Pennsylvania",2017,6,13,2017-06-13,"2020-08-13T23:17:47.000+00:00","2022-09-16T01:49:44.711+00:00","http://collections.peabody.yale.edu/search/Record/YPM-ENT-906073","http://creativecommons.org/publicdomain/zero/1.0/legalcode",FALSE,NA,"Gina D. Peters",NA,"WGS84","Insecta","US","United States of America","Yale Peabody Museum of Natural History","urn:uuid:0b3221f9-47ff-40ba-bbd0-46eb7a2b7ea8",NA,NA,"ENT","1946687296",NA,"urn:uuid:0b3221f9-47ff-40ba-bbd0-46eb7a2b7ea8",NA,"YPM ENT 906073","YPM",NA,"ENT number 906073; lot count 1; female",NA,NA,NA,"FEMALE",1,"NORTH_AMERICA","75f50140-830d-4630-a290-3d6e951a7c29","21d86f42-73e7-4864-838d-a7aaa1cf27d0","0","North America; USA; Pennsylvania; York County","ICZN","physical resource","{ ""irn"": ""2070834"", ""solr_long_lat"": ""-76.884,39.79859"" }","York County","Spring Grove, Codorus State Park","Animals and Plants: Invertebrates - Insects","in collection","snout beetles; beetles; winged insects; insects; hexapods; arthropods; animals","Dendroctonus frontalis","YPM","Dendroctonus frontalis (YPM ENT 906073)","Open Access, http://creativecommons.org/publicdomain/zero/1.0/; see Yale Peabody policies at: http://hdl.handle.net/10079/8931zqj","Animalia; Arthropoda; Hexapoda; Insecta; Pterygota; Endopterygota; Coleoptera; Polyphaga; Curculionoidea; Curculionidae","GPS unit","coordinates from Nathan Havill",NA,NA,NA,NA,349,"<b>Species: </b> Dendroctonus frontalis </a><br/> <b>rowID:</b> 33 <br/><b>Record key:</b> 1946687296 <br/><b>Identified on: </b> NA <br/><b>Record url: </b><a href=' http://collections.peabody.yale.edu/search/Record/YPM-ENT-906073 ' target='_blank'>click</a>"
34,"Dendroctonus frontalis Zimmermann, 1868",-75.8078,40.21398,"osiic,inmafu","gbif","1946688259","Dendroctonus frontalis Zimmermann, 1868","96404cc2-f762-11e1-a439-00145eb45e9a","2e167bb0-4441-11db-9ba2-b8a03c50a862","8a770edf-f5eb-436d-a315-d696d1e33ed7","US","DWC_ARCHIVE","2022-09-16T01:42:18.948+00:00","2022-09-16T01:49:46.673+00:00",1361,"2e167bb0-4441-11db-9ba2-b8a03c50a862","PRESERVED_SPECIMEN","PRESENT",NA,1228034,1,54,216,1470,4239,1228020,1228034,1228034,"Dendroctonus frontalis Zimmermann, 1868","Animalia","Arthropoda","Coleoptera","Curculionidae","Dendroctonus","Dendroctonus frontalis","Dendroctonus","frontalis","SPECIES","ACCEPTED","NE",NA,200,"Pennsylvania",2017,6,13,2017-06-13,"2020-08-13T23:17:47.000+00:00","2022-09-16T01:49:46.673+00:00","http://collections.peabody.yale.edu/search/Record/YPM-ENT-906074","http://creativecommons.org/publicdomain/zero/1.0/legalcode",FALSE,NA,"Gina D. Peters",NA,"WGS84","Insecta","US","United States of America","Yale Peabody Museum of Natural History","urn:uuid:6ad1f319-4bde-4e8c-a7f1-657fd380062f",NA,NA,"ENT","1946688259",NA,"urn:uuid:6ad1f319-4bde-4e8c-a7f1-657fd380062f",NA,"YPM ENT 906074","YPM",NA,"ENT number 906074; lot count 1; male",NA,NA,NA,"MALE",1,"NORTH_AMERICA","75f50140-830d-4630-a290-3d6e951a7c29","21d86f42-73e7-4864-838d-a7aaa1cf27d0","0","North America; USA; Pennsylvania; Berks County","ICZN","physical resource","{ ""irn"": ""2070835"", ""solr_long_lat"": ""-75.8078,40.21398"" }","Berks County","Birdsboro, French Creek State Park","Animals and Plants: Invertebrates - Insects","in collection","snout beetles; beetles; winged insects; insects; hexapods; arthropods; animals","Dendroctonus frontalis","YPM","Dendroctonus frontalis (YPM ENT 906074)","Open Access, http://creativecommons.org/publicdomain/zero/1.0/; see Yale Peabody policies at: http://hdl.handle.net/10079/8931zqj","Animalia; Arthropoda; Hexapoda; Insecta; Pterygota; Endopterygota; Coleoptera; Polyphaga; Curculionoidea; Curculionidae","GPS unit","coordinates from Nathan Havill",NA,NA,NA,NA,360,"<b>Species: </b> Dendroctonus frontalis </a><br/> <b>rowID:</b> 34 <br/><b>Record key:</b> 1946688259 <br/><b>Identified on: </b> NA <br/><b>Record url: </b><a href=' http://collections.peabody.yale.edu/search/Record/YPM-ENT-906074 ' target='_blank'>click</a>"
35,"Dendroctonus frontalis Zimmermann, 1868",-88.6689,37.43915,"osiic,inmafu","gbif","1946688953","Dendroctonus frontalis Zimmermann, 1868","96404cc2-f762-11e1-a439-00145eb45e9a","2e167bb0-4441-11db-9ba2-b8a03c50a862","8a770edf-f5eb-436d-a315-d696d1e33ed7","US","DWC_ARCHIVE","2022-09-16T01:42:18.948+00:00","2022-09-16T01:49:47.958+00:00",1361,"2e167bb0-4441-11db-9ba2-b8a03c50a862","PRESERVED_SPECIMEN","PRESENT",NA,1228034,1,54,216,1470,4239,1228020,1228034,1228034,"Dendroctonus frontalis Zimmermann, 1868","Animalia","Arthropoda","Coleoptera","Curculionidae","Dendroctonus","Dendroctonus frontalis","Dendroctonus","frontalis","SPECIES","ACCEPTED","NE",NA,200,"Illinois",2017,6,20,2017-06-20,"2020-02-11T23:17:27.000+00:00","2022-09-16T01:49:47.958+00:00","http://collections.peabody.yale.edu/search/Record/YPM-ENT-906026","http://creativecommons.org/publicdomain/zero/1.0/legalcode",FALSE,NA,NA,NA,"WGS84","Insecta","US","United States of America","Yale Peabody Museum of Natural History","urn:uuid:b3a2305f-8203-4e11-aa83-6a8fe4add4a0",NA,NA,"ENT","1946688953",NA,"urn:uuid:b3a2305f-8203-4e11-aa83-6a8fe4add4a0",NA,"YPM ENT 906026","YPM",NA,"ENT number 906026; lot count 1; female",NA,NA,NA,"FEMALE",1,"NORTH_AMERICA","75f50140-830d-4630-a290-3d6e951a7c29","21d86f42-73e7-4864-838d-a7aaa1cf27d0","0","North America; USA; Illinois; Johnson County","ICZN","physical resource","{ ""irn"": ""2070786"", ""solr_long_lat"": ""-88.6689,37.43915"" }","Johnson County","Shawnee National Forest, Dixon Springs Agricultural Center","Animals and Plants: Invertebrates - Insects","in collection","snout beetles; beetles; winged insects; insects; hexapods; arthropods; animals","Dendroctonus frontalis","YPM","Dendroctonus frontalis (YPM ENT 906026)","Open Access, http://creativecommons.org/publicdomain/zero/1.0/; see Yale Peabody policies at: http://hdl.handle.net/10079/8931zqj","Animalia; Arthropoda; Hexapoda; Insecta; Pterygota; Endopterygota; Coleoptera; Polyphaga; Curculionoidea; Curculionidae","GPS unit","coordinates from Nathan Havill",NA,NA,NA,NA,373,"<b>Species: </b> Dendroctonus frontalis </a><br/> <b>rowID:</b> 35 <br/><b>Record key:</b> 1946688953 <br/><b>Identified on: </b> NA <br/><b>Record url: </b><a href=' http://collections.peabody.yale.edu/search/Record/YPM-ENT-906026 ' target='_blank'>click</a>"
36,"Dendroctonus frontalis Zimmermann, 1868",-76.2779,39.8071,"osiic,inmafu","gbif","1946689426","Dendroctonus frontalis Zimmermann, 1868","96404cc2-f762-11e1-a439-00145eb45e9a","2e167bb0-4441-11db-9ba2-b8a03c50a862","8a770edf-f5eb-436d-a315-d696d1e33ed7","US","DWC_ARCHIVE","2022-09-16T01:42:18.948+00:00","2022-09-16T01:49:48.273+00:00",1361,"2e167bb0-4441-11db-9ba2-b8a03c50a862","PRESERVED_SPECIMEN","PRESENT",NA,1228034,1,54,216,1470,4239,1228020,1228034,1228034,"Dendroctonus frontalis Zimmermann, 1868","Animalia","Arthropoda","Coleoptera","Curculionidae","Dendroctonus","Dendroctonus frontalis","Dendroctonus","frontalis","SPECIES","ACCEPTED","NE",NA,200,"Pennsylvania",2017,6,13,2017-06-13,"2020-08-13T23:17:47.000+00:00","2022-09-16T01:49:48.273+00:00","http://collections.peabody.yale.edu/search/Record/YPM-ENT-906025","http://creativecommons.org/publicdomain/zero/1.0/legalcode",FALSE,NA,"Gina D. Peters",NA,"WGS84","Insecta","US","United States of America","Yale Peabody Museum of Natural History","urn:uuid:e512ba9e-55cf-4e0c-850e-dd418d98dcc6",NA,NA,"ENT","1946689426",NA,"urn:uuid:e512ba9e-55cf-4e0c-850e-dd418d98dcc6",NA,"YPM ENT 906025","YPM",NA,"ENT number 906025; lot count 1; male",NA,NA,NA,"MALE",1,"NORTH_AMERICA","75f50140-830d-4630-a290-3d6e951a7c29","21d86f42-73e7-4864-838d-a7aaa1cf27d0","0","North America; USA; Pennsylvania; Lancaster County","ICZN","physical resource","{ ""irn"": ""2070785"", ""solr_long_lat"": ""-76.2779,39.8071"" }","Lancaster County","Drumore, Susquehannock State Park","Animals and Plants: Invertebrates - Insects","in collection","snout beetles; beetles; winged insects; insects; hexapods; arthropods; animals","Dendroctonus frontalis","YPM","Dendroctonus frontalis (YPM ENT 906025)","Open Access, http://creativecommons.org/publicdomain/zero/1.0/; see Yale Peabody policies at: http://hdl.handle.net/10079/8931zqj","Animalia; Arthropoda; Hexapoda; Insecta; Pterygota; Endopterygota; Coleoptera; Polyphaga; Curculionoidea; Curculionidae","GPS unit","coordinates from Nathan Havill",NA,NA,NA,NA,384,"<b>Species: </b> Dendroctonus frontalis </a><br/> <b>rowID:</b> 36 <br/><b>Record key:</b> 1946689426 <br/><b>Identified on: </b> NA <br/><b>Record url: </b><a href=' http://collections.peabody.yale.edu/search/Record/YPM-ENT-906025 ' target='_blank'>click</a>"
37,"Dendroctonus frontalis Zimmermann, 1868",-88.276681,14.304572,"cdround","gbif","3109072412","Dendroctonus frontalis Zimmermann, 1868","50c9509d-22c7-4a22-a47d-8c48425ef4a7","28eb1a3f-1c15-4a95-931a-4af90ecb574d","997448a8-f762-11e1-a439-00145eb45e9a","US","DWC_ARCHIVE","2022-09-15T02:31:03.882+00:00","2022-09-15T07:22:26.941+00:00",317,"28eb1a3f-1c15-4a95-931a-4af90ecb574d","HUMAN_OBSERVATION","PRESENT",NA,1228034,1,54,216,1470,4239,1228020,1228034,1228034,"Dendroctonus frontalis Zimmermann, 1868","Animalia","Arthropoda","Coleoptera","Curculionidae","Dendroctonus","Dendroctonus frontalis","Dendroctonus","frontalis","SPECIES","ACCEPTED","NE","2020-07-25T16:36:21",5,"Intibuc",2017,7,13,2017-07-13,"2021-04-28T20:55:45.000+00:00","2022-09-15T07:22:26.941+00:00","https://www.inaturalist.org/observations/54285838","http://creativecommons.org/licenses/by-nc/4.0/legalcode",FALSE,"iNaturalist research-grade observations","John","John","WGS84","Insecta","HN","Honduras","John","54285838","jrigg","2017/07/13 11:38 AM UTC","Observations","3109072412","Yamaranguila, Intibuc, Honduras","https://www.inaturalist.org/observations/54285838","218219","54285838","iNaturalist",NA,NA,"wild","119489050",NA,NA,NA,NA,NA,NA,NA,NA,NA,NA,NA,NA,NA,NA,NA,NA,NA,NA,NA,NA,NA,NA,NA,NA,NA,NA,NA,391,"<b>Species: </b> Dendroctonus frontalis </a><br/> <b>rowID:</b> 37 <br/><b>Record key:</b> 3109072412 <br/><b>Identified on: </b> 2020-07-25T16:36:21 <br/><b>Record url: </b><a href=' https://www.inaturalist.org/observations/54285838 ' target='_blank'>click</a>"
38,"Dendroctonus frontalis Zimmermann, 1868",-75.3183,38.28907,"osiic,inmafu","gbif","1821690989","Dendroctonus frontalis Zimmermann, 1868","96404cc2-f762-11e1-a439-00145eb45e9a","2e167bb0-4441-11db-9ba2-b8a03c50a862","8a770edf-f5eb-436d-a315-d696d1e33ed7","US","DWC_ARCHIVE","2022-09-16T01:42:18.948+00:00","2022-09-16T01:49:39.424+00:00",1361,"2e167bb0-4441-11db-9ba2-b8a03c50a862","PRESERVED_SPECIMEN","PRESENT",NA,1228034,1,54,216,1470,4239,1228020,1228034,1228034,"Dendroctonus frontalis Zimmermann, 1868","Animalia","Arthropoda","Coleoptera","Curculionidae","Dendroctonus","Dendroctonus frontalis","Dendroctonus","frontalis","SPECIES","ACCEPTED","NE",NA,100,"Maryland",2016,6,NA,2016-06-01,"2020-08-12T23:18:34.000+00:00","2022-09-16T01:49:39.424+00:00","http://collections.peabody.yale.edu/search/Record/YPM-ENT-905815","http://creativecommons.org/publicdomain/zero/1.0/legalcode",FALSE,NA,"Heather Disque Baum",NA,"WGS84","Insecta","US","United States of America","Yale Peabody Museum of Natural History","urn:uuid:30e417dc-57ad-427d-b0ad-a3c7e87e6088",NA,NA,"ENT","1821690989",NA,"urn:uuid:30e417dc-57ad-427d-b0ad-a3c7e87e6088",NA,"YPM ENT 905815","YPM",NA,"ENT number 905815; lot count 1; male",NA,NA,NA,"MALE",1,"NORTH_AMERICA","75f50140-830d-4630-a290-3d6e951a7c29","21d86f42-73e7-4864-838d-a7aaa1cf27d0","0","North America; USA; Maryland; Worcester County","ICZN","physical resource","{ ""irn"": ""1942642"", ""solr_long_lat"": ""-75.3183,38.28907"" }","Worcester County","Newark","Animals and Plants: Invertebrates - Insects","in collection","snout beetles; beetles; winged insects; insects; hexapods; arthropods; animals","Dendroctonus frontalis","YPM","Dendroctonus frontalis (YPM ENT 905815)","Open Access, http://creativecommons.org/publicdomain/zero/1.0/; see Yale Peabody policies at: http://hdl.handle.net/10079/8931zqj","Animalia; Arthropoda; Hexapoda; Insecta; Pterygota; Endopterygota; Coleoptera; Polyphaga; Curculionoidea; Curculionidae","GPS unit",NA,NA,NA,NA,NA,403,"<b>Species: </b> Dendroctonus frontalis </a><br/> <b>rowID:</b> 38 <br/><b>Record key:</b> 1821690989 <br/><b>Identified on: </b> NA <br/><b>Record url: </b><a href=' http://collections.peabody.yale.edu/search/Record/YPM-ENT-905815 ' target='_blank'>click</a>"
39,"Dendroctonus frontalis Zimmermann, 1868",-72.2644,40.9944,"osiic,inmafu","gbif","1821691023","Dendroctonus frontalis Zimmermann, 1868","96404cc2-f762-11e1-a439-00145eb45e9a","2e167bb0-4441-11db-9ba2-b8a03c50a862","8a770edf-f5eb-436d-a315-d696d1e33ed7","US","DWC_ARCHIVE","2022-09-16T01:42:18.948+00:00","2022-09-16T01:49:38.568+00:00",1361,"2e167bb0-4441-11db-9ba2-b8a03c50a862","PRESERVED_SPECIMEN","PRESENT",NA,1228034,1,54,216,1470,4239,1228020,1228034,1228034,"Dendroctonus frontalis Zimmermann, 1868","Animalia","Arthropoda","Coleoptera","Curculionidae","Dendroctonus","Dendroctonus frontalis","Dendroctonus","frontalis","SPECIES","ACCEPTED","NE",NA,100,"New York",2016,6,1,2016-06-01,"2020-08-13T23:17:47.000+00:00","2022-09-16T01:49:38.568+00:00","http://collections.peabody.yale.edu/search/Record/YPM-ENT-856054","http://creativecommons.org/publicdomain/zero/1.0/legalcode",FALSE,NA,"Jessica Cancelliere",NA,"WGS84","Insecta","US","United States of America","Yale Peabody Museum of Natural History","urn:uuid:09f6ab56-db65-4c75-8a3f-d0fb9e31bb80",NA,NA,"ENT","1821691023",NA,"urn:uuid:09f6ab56-db65-4c75-8a3f-d0fb9e31bb80",NA,"YPM ENT 856054","YPM",NA,"ENT number 856054; lot count 1; female",NA,NA,NA,"FEMALE",1,"NORTH_AMERICA","75f50140-830d-4630-a290-3d6e951a7c29","21d86f42-73e7-4864-838d-a7aaa1cf27d0","0","North America; USA; New York; Suffolk County","ICZN","physical resource","{ ""irn"": ""1942474"", ""solr_long_lat"": ""-72.2644,40.9944"" }","Suffolk County","Sag Harbor, Barcelona Neck Road","Animals and Plants: Invertebrates - Insects","in collection","snout beetles; beetles; winged insects; insects; hexapods; arthropods; animals","Dendroctonus frontalis","YPM","Dendroctonus frontalis (YPM ENT 856054)","Open Access, http://creativecommons.org/publicdomain/zero/1.0/; see Yale Peabody policies at: http://hdl.handle.net/10079/8931zqj","Animalia; Arthropoda; Hexapoda; Insecta; Pterygota; Endopterygota; Coleoptera; Polyphaga; Curculionoidea; Curculionidae","GPS unit",NA,NA,NA,NA,NA,408,"<b>Species: </b> Dendroctonus frontalis </a><br/> <b>rowID:</b> 39 <br/><b>Record key:</b> 1821691023 <br/><b>Identified on: </b> NA <br/><b>Record url: </b><a href=' http://collections.peabody.yale.edu/search/Record/YPM-ENT-856054 ' target='_blank'>click</a>"
40,"Dendroctonus frontalis Zimmermann, 1868",-76.2157,38.53127,"osiic,inmafu","gbif","1946687333","Dendroctonus frontalis Zimmermann, 1868","96404cc2-f762-11e1-a439-00145eb45e9a","2e167bb0-4441-11db-9ba2-b8a03c50a862","8a770edf-f5eb-436d-a315-d696d1e33ed7","US","DWC_ARCHIVE","2022-09-16T01:42:18.948+00:00","2022-09-16T01:49:44.120+00:00",1361,"2e167bb0-4441-11db-9ba2-b8a03c50a862","PRESERVED_SPECIMEN","PRESENT","Adult",1228034,1,54,216,1470,4239,1228020,1228034,1228034,"Dendroctonus frontalis Zimmermann, 1868","Animalia","Arthropoda","Coleoptera","Curculionidae","Dendroctonus","Dendroctonus frontalis","Dendroctonus","frontalis","SPECIES","ACCEPTED","NE",NA,200,"Maryland",2016,6,NA,2016-06-01,"2020-08-12T23:18:34.000+00:00","2022-09-16T01:49:44.120+00:00","http://collections.peabody.yale.edu/search/Record/YPM-ENT-905389","http://creativecommons.org/publicdomain/zero/1.0/legalcode",TRUE,NA,"Heather Disque Baum",NA,"WGS84","Insecta","US","United States of America","Yale Peabody Museum of Natural History","urn:uuid:04df7c90-1364-4978-9f93-19571d46c978",NA,NA,"ENT","1946687333",NA,"urn:uuid:04df7c90-1364-4978-9f93-19571d46c978",NA,"YPM ENT 905389","YPM",NA,"ENT number 905389; lot count 1; male; adult",NA,NA,NA,"MALE",1,"NORTH_AMERICA","75f50140-830d-4630-a290-3d6e951a7c29","21d86f42-73e7-4864-838d-a7aaa1cf27d0","0","North America; USA; Maryland; Dorchester County","ICZN","physical resource","{ ""irn"": ""2070586"", ""solr_long_lat"": ""-76.2157,38.53127"" }","Dorchester County","Woolford","Animals and Plants: Invertebrates - Insects","in collection","snout beetles; beetles; winged insects; insects; hexapods; arthropods; animals","Dendroctonus frontalis","YPM","Dendroctonus frontalis (YPM ENT 905389)","Open Access, http://creativecommons.org/publicdomain/zero/1.0/; see Yale Peabody policies at: http://hdl.handle.net/10079/8931zqj","Animalia; Arthropoda; Hexapoda; Insecta; Pterygota; Endopterygota; Coleoptera; Polyphaga; Curculionoidea; Curculionidae","GPS unit","coordinates from Nathan Havill",NA,NA,NA,NA,492,"<b>Species: </b> Dendroctonus frontalis </a><br/> <b>rowID:</b> 40 <br/><b>Record key:</b> 1946687333 <br/><b>Identified on: </b> NA <br/><b>Record url: </b><a href=' http://collections.peabody.yale.edu/search/Record/YPM-ENT-905389 ' target='_blank'>click</a>"
41,"Dendroctonus frontalis Zimmermann, 1868",-75.8437,38.00812,"osiic,inmafu","gbif","1946687607","Dendroctonus frontalis Zimmermann, 1868","96404cc2-f762-11e1-a439-00145eb45e9a","2e167bb0-4441-11db-9ba2-b8a03c50a862","8a770edf-f5eb-436d-a315-d696d1e33ed7","US","DWC_ARCHIVE","2022-09-16T01:42:18.948+00:00","2022-09-16T01:49:39.171+00:00",1361,"2e167bb0-4441-11db-9ba2-b8a03c50a862","PRESERVED_SPECIMEN","PRESENT",NA,1228034,1,54,216,1470,4239,1228020,1228034,1228034,"Dendroctonus frontalis Zimmermann, 1868","Animalia","Arthropoda","Coleoptera","Curculionidae","Dendroctonus","Dendroctonus frontalis","Dendroctonus","frontalis","SPECIES","ACCEPTED","NE",NA,200,"Maryland",2016,6,NA,2016-06-01,"2020-08-12T23:18:34.000+00:00","2022-09-16T01:49:39.171+00:00","http://collections.peabody.yale.edu/search/Record/YPM-ENT-906072","http://creativecommons.org/publicdomain/zero/1.0/legalcode",FALSE,NA,"Heather Disque Baum",NA,"WGS84","Insecta","US","United States of America","Yale Peabody Museum of Natural History","urn:uuid:23e1bcc8-7c10-456e-bfca-91110d25c7a5",NA,NA,"ENT","1946687607",NA,"urn:uuid:23e1bcc8-7c10-456e-bfca-91110d25c7a5",NA,"YPM ENT 906072","YPM",NA,"ENT number 906072; lot count 1; male",NA,NA,NA,"MALE",1,"NORTH_AMERICA","75f50140-830d-4630-a290-3d6e951a7c29","21d86f42-73e7-4864-838d-a7aaa1cf27d0","0","North America; USA; Maryland; Somerset County","ICZN","physical resource","{ ""irn"": ""2070833"", ""solr_long_lat"": ""-75.8437,38.00812"" }","Somerset County","Janes Island State Park","Animals and Plants: Invertebrates - Insects","in collection","snout beetles; beetles; winged insects; insects; hexapods; arthropods; animals","Dendroctonus frontalis","YPM","Dendroctonus frontalis (YPM ENT 906072)","Open Access, http://creativecommons.org/publicdomain/zero/1.0/; see Yale Peabody policies at: http://hdl.handle.net/10079/8931zqj","Animalia; Arthropoda; Hexapoda; Insecta; Pterygota; Endopterygota; Coleoptera; Polyphaga; Curculionoidea; Curculionidae","GPS unit","coordinates from Nathan Havill",NA,NA,NA,NA,497,"<b>Species: </b> Dendroctonus frontalis </a><br/> <b>rowID:</b> 41 <br/><b>Record key:</b> 1946687607 <br/><b>Identified on: </b> NA <br/><b>Record url: </b><a href=' http://collections.peabody.yale.edu/search/Record/YPM-ENT-906072 ' target='_blank'>click</a>"
